image,label
data\BUS-CoT\000000.png,1
data\BUS-CoT\000001.png,1
data\BUS-CoT\000002.png,1
data\BUS-CoT\000003.png,1
data\BUS-CoT\000004.png,1
data\BUS-CoT\000005.png,1
data\BUS-CoT\000006.png,1
data\BUS-CoT\000007.png,1
data\BUS-CoT\000008.png,1
data\BUS-CoT\000009.png,1
data\BUS-CoT\000010.png,1
data\BUS-CoT\000011.png,1
data\BUS-CoT\000012.png,1
data\BUS-CoT\000013.png,1
data\BUS-CoT\000014.png,1
data\BUS-CoT\000015.png,1
data\BUS-CoT\000016.png,1
data\BUS-CoT\000017.png,2
data\BUS-CoT\000018.png,1
data\BUS-CoT\000019.png,1
data\BUS-CoT\000020.png,1
data\BUS-CoT\000021.png,1
data\BUS-CoT\000022.png,2
data\BUS-CoT\000023.png,2
data\BUS-CoT\000024.png,2
data\BUS-CoT\000025.png,1
data\BUS-CoT\000026.png,2
data\BUS-CoT\000027.png,2
data\BUS-CoT\000028.png,2
data\BUS-CoT\000029.png,2
data\BUS-CoT\000030.png,2
data\BUS-CoT\000031.png,1
data\BUS-CoT\000032.png,1
data\BUS-CoT\000033.png,1
data\BUS-CoT\000034.png,1
data\BUS-CoT\000035.png,1
data\BUS-CoT\000036.png,1
data\BUS-CoT\000037.png,1
data\BUS-CoT\000038.png,1
data\BUS-CoT\000039.png,1
data\BUS-CoT\000040.png,2
data\BUS-CoT\000041.png,1
data\BUS-CoT\000042.png,2
data\BUS-CoT\000043.png,2
data\BUS-CoT\000044.png,2
data\BUS-CoT\000045.png,2
data\BUS-CoT\000046.png,2
data\BUS-CoT\000047.png,2
data\BUS-CoT\000048.png,2
data\BUS-CoT\000049.png,2
data\BUS-CoT\000050.png,1
data\BUS-CoT\000051.png,1
data\BUS-CoT\000052.png,2
data\BUS-CoT\000053.png,2
data\BUS-CoT\000054.png,2
data\BUS-CoT\000055.png,1
data\BUS-CoT\000056.png,2
data\BUS-CoT\000057.png,1
data\BUS-CoT\000058.png,1
data\BUS-CoT\000059.png,1
data\BUS-CoT\000060.png,1
data\BUS-CoT\000061.png,1
data\BUS-CoT\000062.png,1
data\BUS-CoT\000063.png,1
data\BUS-CoT\000064.png,1
data\BUS-CoT\000065.png,1
data\BUS-CoT\000066.png,1
data\BUS-CoT\000068.png,1
data\BUS-CoT\000069.png,1
data\BUS-CoT\000070.png,1
data\BUS-CoT\000071.png,1
data\BUS-CoT\000072.png,1
data\BUS-CoT\000073.png,1
data\BUS-CoT\000074.png,1
data\BUS-CoT\000075.png,1
data\BUS-CoT\000076.png,1
data\BUS-CoT\000077.png,1
data\BUS-CoT\000078.png,1
data\BUS-CoT\000079.png,1
data\BUS-CoT\000080.png,1
data\BUS-CoT\000081.png,1
data\BUS-CoT\000082.png,1
data\BUS-CoT\000083.png,1
data\BUS-CoT\000084.png,1
data\BUS-CoT\000085.png,1
data\BUS-CoT\000086.png,1
data\BUS-CoT\000087.png,1
data\BUS-CoT\000088.png,1
data\BUS-CoT\000089.png,1
data\BUS-CoT\000090.png,1
data\BUS-CoT\000091.png,1
data\BUS-CoT\000092.png,1
data\BUS-CoT\000093.png,1
data\BUS-CoT\000094.png,1
data\BUS-CoT\000095.png,1
data\BUS-CoT\000096.png,1
data\BUS-CoT\000097.png,1
data\BUS-CoT\000098.png,1
data\BUS-CoT\000099.png,1
data\BUS-CoT\000100.png,1
data\BUS-CoT\000101.png,1
data\BUS-CoT\000102.png,1
data\BUS-CoT\000103.png,1
data\BUS-CoT\000104.png,1
data\BUS-CoT\000105.png,1
data\BUS-CoT\000106.png,1
data\BUS-CoT\000107.png,1
data\BUS-CoT\000108.png,1
data\BUS-CoT\000109.png,1
data\BUS-CoT\000110.png,1
data\BUS-CoT\000111.png,1
data\BUS-CoT\000112.png,1
data\BUS-CoT\000113.png,1
data\BUS-CoT\000114.png,1
data\BUS-CoT\000115.png,1
data\BUS-CoT\000116.png,1
data\BUS-CoT\000117.png,1
data\BUS-CoT\000118.png,1
data\BUS-CoT\000119.png,1
data\BUS-CoT\000120.png,1
data\BUS-CoT\000121.png,1
data\BUS-CoT\000122.png,1
data\BUS-CoT\000123.png,1
data\BUS-CoT\000124.png,1
data\BUS-CoT\000125.png,1
data\BUS-CoT\000126.png,1
data\BUS-CoT\000127.png,1
data\BUS-CoT\000128.png,1
data\BUS-CoT\000129.png,1
data\BUS-CoT\000130.png,1
data\BUS-CoT\000131.png,2
data\BUS-CoT\000132.png,2
data\BUS-CoT\000133.png,2
data\BUS-CoT\000134.png,2
data\BUS-CoT\000135.png,2
data\BUS-CoT\000136.png,2
data\BUS-CoT\000137.png,2
data\BUS-CoT\000138.png,2
data\BUS-CoT\000139.png,2
data\BUS-CoT\000140.png,2
data\BUS-CoT\000141.png,2
data\BUS-CoT\000142.png,2
data\BUS-CoT\000143.png,2
data\BUS-CoT\000144.png,2
data\BUS-CoT\000145.png,2
data\BUS-CoT\000146.png,2
data\BUS-CoT\000147.png,2
data\BUS-CoT\000148.png,2
data\BUS-CoT\000149.png,2
data\BUS-CoT\000150.png,2
data\BUS-CoT\000151.png,2
data\BUS-CoT\000152.png,2
data\BUS-CoT\000153.png,2
data\BUS-CoT\000154.png,2
data\BUS-CoT\000155.png,2
data\BUS-CoT\000156.png,2
data\BUS-CoT\000157.png,2
data\BUS-CoT\000158.png,2
data\BUS-CoT\000159.png,2
data\BUS-CoT\000160.png,2
data\BUS-CoT\000161.png,2
data\BUS-CoT\000162.png,2
data\BUS-CoT\000163.png,2
data\BUS-CoT\000164.png,2
data\BUS-CoT\000165.png,1
data\BUS-CoT\000166.png,1
data\BUS-CoT\000167.png,2
data\BUS-CoT\000168.png,2
data\BUS-CoT\000169.png,1
data\BUS-CoT\000170.png,1
data\BUS-CoT\000171.png,2
data\BUS-CoT\000172.png,2
data\BUS-CoT\000173.png,2
data\BUS-CoT\000174.png,1
data\BUS-CoT\000175.png,1
data\BUS-CoT\000176.png,1
data\BUS-CoT\000177.png,1
data\BUS-CoT\000178.png,2
data\BUS-CoT\000179.png,2
data\BUS-CoT\000180.png,2
data\BUS-CoT\000181.png,2
data\BUS-CoT\000182.png,1
data\BUS-CoT\000183.png,1
data\BUS-CoT\000184.png,2
data\BUS-CoT\000185.png,2
data\BUS-CoT\000186.png,1
data\BUS-CoT\000187.png,1
data\BUS-CoT\000188.png,2
data\BUS-CoT\000189.png,2
data\BUS-CoT\000190.png,2
data\BUS-CoT\000191.png,2
data\BUS-CoT\000192.png,2
data\BUS-CoT\000193.png,2
data\BUS-CoT\000194.png,1
data\BUS-CoT\000195.png,1
data\BUS-CoT\000196.png,1
data\BUS-CoT\000197.png,1
data\BUS-CoT\000198.png,2
data\BUS-CoT\000199.png,2
data\BUS-CoT\000200.png,1
data\BUS-CoT\000201.png,1
data\BUS-CoT\000202.png,1
data\BUS-CoT\000203.png,1
data\BUS-CoT\000204.png,1
data\BUS-CoT\000205.png,1
data\BUS-CoT\000206.png,1
data\BUS-CoT\000207.png,1
data\BUS-CoT\000208.png,1
data\BUS-CoT\000209.png,2
data\BUS-CoT\000210.png,2
data\BUS-CoT\000211.png,1
data\BUS-CoT\000212.png,1
data\BUS-CoT\000213.png,2
data\BUS-CoT\000214.png,2
data\BUS-CoT\000215.png,2
data\BUS-CoT\000216.png,2
data\BUS-CoT\000217.png,2
data\BUS-CoT\000218.png,1
data\BUS-CoT\000219.png,1
data\BUS-CoT\000220.png,2
data\BUS-CoT\000221.png,2
data\BUS-CoT\000222.png,1
data\BUS-CoT\000223.png,1
data\BUS-CoT\000224.png,1
data\BUS-CoT\000225.png,1
data\BUS-CoT\000226.png,2
data\BUS-CoT\000227.png,1
data\BUS-CoT\000228.png,1
data\BUS-CoT\000229.png,1
data\BUS-CoT\000230.png,1
data\BUS-CoT\000231.png,2
data\BUS-CoT\000232.png,2
data\BUS-CoT\000233.png,1
data\BUS-CoT\000234.png,1
data\BUS-CoT\000235.png,2
data\BUS-CoT\000236.png,1
data\BUS-CoT\000237.png,1
data\BUS-CoT\000238.png,2
data\BUS-CoT\000239.png,2
data\BUS-CoT\000240.png,2
data\BUS-CoT\000241.png,2
data\BUS-CoT\000242.png,1
data\BUS-CoT\000243.png,1
data\BUS-CoT\000244.png,2
data\BUS-CoT\000245.png,2
data\BUS-CoT\000246.png,2
data\BUS-CoT\000247.png,2
data\BUS-CoT\000248.png,2
data\BUS-CoT\000249.png,2
data\BUS-CoT\000250.png,1
data\BUS-CoT\000251.png,1
data\BUS-CoT\000252.png,2
data\BUS-CoT\000253.png,2
data\BUS-CoT\000254.png,1
data\BUS-CoT\000255.png,1
data\BUS-CoT\000256.png,1
data\BUS-CoT\000257.png,1
data\BUS-CoT\000258.png,1
data\BUS-CoT\000259.png,1
data\BUS-CoT\000260.png,1
data\BUS-CoT\000261.png,2
data\BUS-CoT\000262.png,2
data\BUS-CoT\000263.png,1
data\BUS-CoT\000264.png,1
data\BUS-CoT\000265.png,2
data\BUS-CoT\000266.png,2
data\BUS-CoT\000267.png,1
data\BUS-CoT\000268.png,1
data\BUS-CoT\000269.png,1
data\BUS-CoT\000270.png,1
data\BUS-CoT\000271.png,1
data\BUS-CoT\000272.png,1
data\BUS-CoT\000273.png,2
data\BUS-CoT\000274.png,2
data\BUS-CoT\000275.png,1
data\BUS-CoT\000276.png,1
data\BUS-CoT\000277.png,1
data\BUS-CoT\000278.png,1
data\BUS-CoT\000279.png,1
data\BUS-CoT\000280.png,1
data\BUS-CoT\000281.png,1
data\BUS-CoT\000282.png,1
data\BUS-CoT\000283.png,1
data\BUS-CoT\000284.png,1
data\BUS-CoT\000285.png,1
data\BUS-CoT\000286.png,1
data\BUS-CoT\000287.png,1
data\BUS-CoT\000288.png,1
data\BUS-CoT\000289.png,1
data\BUS-CoT\000290.png,1
data\BUS-CoT\000291.png,1
data\BUS-CoT\000292.png,1
data\BUS-CoT\000293.png,1
data\BUS-CoT\000294.png,1
data\BUS-CoT\000295.png,1
data\BUS-CoT\000296.png,1
data\BUS-CoT\000297.png,1
data\BUS-CoT\000298.png,2
data\BUS-CoT\000299.png,2
data\BUS-CoT\000300.png,1
data\BUS-CoT\000301.png,1
data\BUS-CoT\000302.png,1
data\BUS-CoT\000303.png,1
data\BUS-CoT\000304.png,1
data\BUS-CoT\000305.png,1
data\BUS-CoT\000306.png,1
data\BUS-CoT\000307.png,1
data\BUS-CoT\000308.png,2
data\BUS-CoT\000309.png,2
data\BUS-CoT\000310.png,1
data\BUS-CoT\000311.png,1
data\BUS-CoT\000312.png,1
data\BUS-CoT\000313.png,1
data\BUS-CoT\000314.png,1
data\BUS-CoT\000315.png,1
data\BUS-CoT\000316.png,1
data\BUS-CoT\000317.png,2
data\BUS-CoT\000318.png,1
data\BUS-CoT\000319.png,1
data\BUS-CoT\000320.png,1
data\BUS-CoT\000321.png,1
data\BUS-CoT\000322.png,1
data\BUS-CoT\000323.png,1
data\BUS-CoT\000324.png,1
data\BUS-CoT\000325.png,2
data\BUS-CoT\000326.png,2
data\BUS-CoT\000327.png,1
data\BUS-CoT\000328.png,1
data\BUS-CoT\000329.png,1
data\BUS-CoT\000330.png,1
data\BUS-CoT\000331.png,1
data\BUS-CoT\000332.png,1
data\BUS-CoT\000333.png,1
data\BUS-CoT\000334.png,1
data\BUS-CoT\000335.png,1
data\BUS-CoT\000336.png,1
data\BUS-CoT\000337.png,1
data\BUS-CoT\000338.png,1
data\BUS-CoT\000339.png,2
data\BUS-CoT\000340.png,2
data\BUS-CoT\000341.png,2
data\BUS-CoT\000342.png,2
data\BUS-CoT\000343.png,1
data\BUS-CoT\000344.png,1
data\BUS-CoT\000345.png,2
data\BUS-CoT\000346.png,2
data\BUS-CoT\000347.png,1
data\BUS-CoT\000348.png,1
data\BUS-CoT\000349.png,1
data\BUS-CoT\000350.png,1
data\BUS-CoT\000351.png,2
data\BUS-CoT\000352.png,1
data\BUS-CoT\000353.png,1
data\BUS-CoT\000354.png,1
data\BUS-CoT\000355.png,1
data\BUS-CoT\000356.png,1
data\BUS-CoT\000357.png,1
data\BUS-CoT\000358.png,1
data\BUS-CoT\000359.png,2
data\BUS-CoT\000360.png,1
data\BUS-CoT\000361.png,1
data\BUS-CoT\000362.png,1
data\BUS-CoT\000363.png,1
data\BUS-CoT\000364.png,1
data\BUS-CoT\000365.png,1
data\BUS-CoT\000366.png,1
data\BUS-CoT\000367.png,1
data\BUS-CoT\000368.png,1
data\BUS-CoT\000369.png,1
data\BUS-CoT\000370.png,1
data\BUS-CoT\000371.png,1
data\BUS-CoT\000372.png,1
data\BUS-CoT\000373.png,1
data\BUS-CoT\000374.png,2
data\BUS-CoT\000375.png,2
data\BUS-CoT\000376.png,2
data\BUS-CoT\000377.png,2
data\BUS-CoT\000378.png,1
data\BUS-CoT\000379.png,1
data\BUS-CoT\000380.png,1
data\BUS-CoT\000381.png,1
data\BUS-CoT\000382.png,1
data\BUS-CoT\000383.png,1
data\BUS-CoT\000384.png,1
data\BUS-CoT\000385.png,2
data\BUS-CoT\000386.png,2
data\BUS-CoT\000387.png,1
data\BUS-CoT\000388.png,1
data\BUS-CoT\000389.png,1
data\BUS-CoT\000390.png,1
data\BUS-CoT\000391.png,1
data\BUS-CoT\000392.png,1
data\BUS-CoT\000393.png,1
data\BUS-CoT\000394.png,1
data\BUS-CoT\000395.png,1
data\BUS-CoT\000396.png,1
data\BUS-CoT\000397.png,1
data\BUS-CoT\000398.png,1
data\BUS-CoT\000399.png,1
data\BUS-CoT\000400.png,1
data\BUS-CoT\000401.png,1
data\BUS-CoT\000402.png,1
data\BUS-CoT\000403.png,1
data\BUS-CoT\000404.png,1
data\BUS-CoT\000405.png,1
data\BUS-CoT\000406.png,1
data\BUS-CoT\000407.png,1
data\BUS-CoT\000408.png,1
data\BUS-CoT\000409.png,1
data\BUS-CoT\000410.png,1
data\BUS-CoT\000411.png,1
data\BUS-CoT\000412.png,1
data\BUS-CoT\000413.png,1
data\BUS-CoT\000414.png,1
data\BUS-CoT\000415.png,1
data\BUS-CoT\000416.png,1
data\BUS-CoT\000417.png,1
data\BUS-CoT\000418.png,1
data\BUS-CoT\000419.png,1
data\BUS-CoT\000420.png,1
data\BUS-CoT\000421.png,1
data\BUS-CoT\000422.png,1
data\BUS-CoT\000423.png,1
data\BUS-CoT\000424.png,1
data\BUS-CoT\000425.png,1
data\BUS-CoT\000426.png,1
data\BUS-CoT\000427.png,1
data\BUS-CoT\000428.png,1
data\BUS-CoT\000429.png,1
data\BUS-CoT\000430.png,1
data\BUS-CoT\000431.png,1
data\BUS-CoT\000432.png,1
data\BUS-CoT\000433.png,1
data\BUS-CoT\000434.png,1
data\BUS-CoT\000435.png,1
data\BUS-CoT\000436.png,1
data\BUS-CoT\000437.png,1
data\BUS-CoT\000438.png,1
data\BUS-CoT\000439.png,1
data\BUS-CoT\000440.png,1
data\BUS-CoT\000441.png,1
data\BUS-CoT\000442.png,1
data\BUS-CoT\000443.png,1
data\BUS-CoT\000444.png,1
data\BUS-CoT\000445.png,1
data\BUS-CoT\000446.png,1
data\BUS-CoT\000447.png,1
data\BUS-CoT\000448.png,1
data\BUS-CoT\000449.png,1
data\BUS-CoT\000450.png,1
data\BUS-CoT\000451.png,1
data\BUS-CoT\000452.png,1
data\BUS-CoT\000453.png,1
data\BUS-CoT\000454.png,2
data\BUS-CoT\000455.png,2
data\BUS-CoT\000456.png,1
data\BUS-CoT\000457.png,1
data\BUS-CoT\000458.png,1
data\BUS-CoT\000459.png,1
data\BUS-CoT\000460.png,1
data\BUS-CoT\000461.png,1
data\BUS-CoT\000462.png,1
data\BUS-CoT\000463.png,1
data\BUS-CoT\000464.png,2
data\BUS-CoT\000465.png,2
data\BUS-CoT\000466.png,1
data\BUS-CoT\000467.png,1
data\BUS-CoT\000468.png,1
data\BUS-CoT\000469.png,1
data\BUS-CoT\000470.png,2
data\BUS-CoT\000471.png,2
data\BUS-CoT\000472.png,1
data\BUS-CoT\000473.png,1
data\BUS-CoT\000474.png,1
data\BUS-CoT\000475.png,1
data\BUS-CoT\000476.png,1
data\BUS-CoT\000477.png,1
data\BUS-CoT\000478.png,1
data\BUS-CoT\000479.png,1
data\BUS-CoT\000480.png,1
data\BUS-CoT\000481.png,1
data\BUS-CoT\000482.png,1
data\BUS-CoT\000483.png,1
data\BUS-CoT\000484.png,2
data\BUS-CoT\000485.png,2
data\BUS-CoT\000486.png,1
data\BUS-CoT\000487.png,1
data\BUS-CoT\000488.png,1
data\BUS-CoT\000489.png,1
data\BUS-CoT\000490.png,1
data\BUS-CoT\000491.png,1
data\BUS-CoT\000492.png,1
data\BUS-CoT\000493.png,2
data\BUS-CoT\000494.png,2
data\BUS-CoT\000495.png,1
data\BUS-CoT\000496.png,1
data\BUS-CoT\000497.png,1
data\BUS-CoT\000498.png,1
data\BUS-CoT\000499.png,1
data\BUS-CoT\000500.png,1
data\BUS-CoT\000501.png,1
data\BUS-CoT\000502.png,1
data\BUS-CoT\000503.png,2
data\BUS-CoT\000504.png,2
data\BUS-CoT\000505.png,1
data\BUS-CoT\000506.png,1
data\BUS-CoT\000507.png,1
data\BUS-CoT\000508.png,1
data\BUS-CoT\000509.png,2
data\BUS-CoT\000510.png,2
data\BUS-CoT\000511.png,1
data\BUS-CoT\000512.png,1
data\BUS-CoT\000513.png,1
data\BUS-CoT\000514.png,1
data\BUS-CoT\000515.png,1
data\BUS-CoT\000516.png,1
data\BUS-CoT\000517.png,1
data\BUS-CoT\000518.png,1
data\BUS-CoT\000519.png,1
data\BUS-CoT\000520.png,1
data\BUS-CoT\000521.png,1
data\BUS-CoT\000522.png,1
data\BUS-CoT\000523.png,1
data\BUS-CoT\000524.png,2
data\BUS-CoT\000525.png,1
data\BUS-CoT\000526.png,1
data\BUS-CoT\000527.png,1
data\BUS-CoT\000528.png,1
data\BUS-CoT\000529.png,1
data\BUS-CoT\000530.png,1
data\BUS-CoT\000531.png,1
data\BUS-CoT\000532.png,1
data\BUS-CoT\000533.png,2
data\BUS-CoT\000534.png,2
data\BUS-CoT\000535.png,1
data\BUS-CoT\000536.png,1
data\BUS-CoT\000537.png,1
data\BUS-CoT\000538.png,1
data\BUS-CoT\000539.png,1
data\BUS-CoT\000540.png,1
data\BUS-CoT\000541.png,1
data\BUS-CoT\000542.png,1
data\BUS-CoT\000543.png,1
data\BUS-CoT\000544.png,1
data\BUS-CoT\000545.png,1
data\BUS-CoT\000546.png,1
data\BUS-CoT\000547.png,2
data\BUS-CoT\000548.png,2
data\BUS-CoT\000549.png,1
data\BUS-CoT\000550.png,1
data\BUS-CoT\000551.png,1
data\BUS-CoT\000552.png,1
data\BUS-CoT\000553.png,1
data\BUS-CoT\000554.png,1
data\BUS-CoT\000555.png,2
data\BUS-CoT\000556.png,2
data\BUS-CoT\000557.png,2
data\BUS-CoT\000558.png,2
data\BUS-CoT\000559.png,1
data\BUS-CoT\000560.png,1
data\BUS-CoT\000561.png,1
data\BUS-CoT\000562.png,1
data\BUS-CoT\000563.png,1
data\BUS-CoT\000564.png,1
data\BUS-CoT\000565.png,1
data\BUS-CoT\000566.png,1
data\BUS-CoT\000567.png,1
data\BUS-CoT\000568.png,1
data\BUS-CoT\000569.png,1
data\BUS-CoT\000570.png,1
data\BUS-CoT\000571.png,2
data\BUS-CoT\000572.png,2
data\BUS-CoT\000573.png,1
data\BUS-CoT\000574.png,1
data\BUS-CoT\000576.png,2
data\BUS-CoT\000577.png,1
data\BUS-CoT\000578.png,1
data\BUS-CoT\000579.png,1
data\BUS-CoT\000580.png,1
data\BUS-CoT\000581.png,2
data\BUS-CoT\000582.png,2
data\BUS-CoT\000583.png,2
data\BUS-CoT\000584.png,2
data\BUS-CoT\000585.png,1
data\BUS-CoT\000586.png,1
data\BUS-CoT\000587.png,2
data\BUS-CoT\000588.png,2
data\BUS-CoT\000589.png,2
data\BUS-CoT\000590.png,2
data\BUS-CoT\000591.png,2
data\BUS-CoT\000592.png,1
data\BUS-CoT\000593.png,1
data\BUS-CoT\000594.png,1
data\BUS-CoT\000595.png,1
data\BUS-CoT\000596.png,2
data\BUS-CoT\000597.png,2
data\BUS-CoT\000598.png,2
data\BUS-CoT\000599.png,2
data\BUS-CoT\000600.png,2
data\BUS-CoT\000601.png,2
data\BUS-CoT\000602.png,1
data\BUS-CoT\000603.png,1
data\BUS-CoT\000604.png,2
data\BUS-CoT\000605.png,2
data\BUS-CoT\000606.png,1
data\BUS-CoT\000607.png,1
data\BUS-CoT\000608.png,1
data\BUS-CoT\000609.png,1
data\BUS-CoT\000610.png,2
data\BUS-CoT\000611.png,2
data\BUS-CoT\000612.png,1
data\BUS-CoT\000613.png,1
data\BUS-CoT\000614.png,2
data\BUS-CoT\000615.png,2
data\BUS-CoT\000616.png,2
data\BUS-CoT\000617.png,2
data\BUS-CoT\000618.png,2
data\BUS-CoT\000619.png,2
data\BUS-CoT\000620.png,2
data\BUS-CoT\000621.png,2
data\BUS-CoT\000622.png,2
data\BUS-CoT\000623.png,2
data\BUS-CoT\000624.png,1
data\BUS-CoT\000625.png,1
data\BUS-CoT\000626.png,2
data\BUS-CoT\000627.png,2
data\BUS-CoT\000628.png,1
data\BUS-CoT\000629.png,1
data\BUS-CoT\000630.png,1
data\BUS-CoT\000631.png,1
data\BUS-CoT\000632.png,2
data\BUS-CoT\000633.png,2
data\BUS-CoT\000634.png,2
data\BUS-CoT\000635.png,2
data\BUS-CoT\000636.png,2
data\BUS-CoT\000637.png,2
data\BUS-CoT\000638.png,2
data\BUS-CoT\000639.png,2
data\BUS-CoT\000640.png,2
data\BUS-CoT\000641.png,2
data\BUS-CoT\000642.png,2
data\BUS-CoT\000643.png,2
data\BUS-CoT\000644.png,2
data\BUS-CoT\000645.png,2
data\BUS-CoT\000646.png,2
data\BUS-CoT\000647.png,2
data\BUS-CoT\000648.png,2
data\BUS-CoT\000649.png,2
data\BUS-CoT\000650.png,2
data\BUS-CoT\000651.png,2
data\BUS-CoT\000652.png,2
data\BUS-CoT\000653.png,2
data\BUS-CoT\000654.png,2
data\BUS-CoT\000655.png,2
data\BUS-CoT\000656.png,2
data\BUS-CoT\000657.png,2
data\BUS-CoT\000658.png,2
data\BUS-CoT\000659.png,1
data\BUS-CoT\000660.png,1
data\BUS-CoT\000661.png,2
data\BUS-CoT\000662.png,2
data\BUS-CoT\000663.png,2
data\BUS-CoT\000664.png,2
data\BUS-CoT\000665.png,1
data\BUS-CoT\000666.png,1
data\BUS-CoT\000667.png,1
data\BUS-CoT\000668.png,1
data\BUS-CoT\000669.png,1
data\BUS-CoT\000670.png,1
data\BUS-CoT\000671.png,1
data\BUS-CoT\000672.png,1
data\BUS-CoT\000673.png,1
data\BUS-CoT\000674.png,1
data\BUS-CoT\000675.png,2
data\BUS-CoT\000676.png,2
data\BUS-CoT\000677.png,2
data\BUS-CoT\000678.png,2
data\BUS-CoT\000679.png,2
data\BUS-CoT\000680.png,2
data\BUS-CoT\000681.png,2
data\BUS-CoT\000682.png,1
data\BUS-CoT\000683.png,1
data\BUS-CoT\000684.png,1
data\BUS-CoT\000685.png,1
data\BUS-CoT\000686.png,1
data\BUS-CoT\000687.png,1
data\BUS-CoT\000688.png,1
data\BUS-CoT\000689.png,1
data\BUS-CoT\000690.png,1
data\BUS-CoT\000691.png,1
data\BUS-CoT\000692.png,2
data\BUS-CoT\000693.png,2
data\BUS-CoT\000694.png,1
data\BUS-CoT\000695.png,1
data\BUS-CoT\000696.png,1
data\BUS-CoT\000697.png,1
data\BUS-CoT\000698.png,2
data\BUS-CoT\000699.png,2
data\BUS-CoT\000700.png,2
data\BUS-CoT\000701.png,2
data\BUS-CoT\000702.png,1
data\BUS-CoT\000703.png,1
data\BUS-CoT\000704.png,1
data\BUS-CoT\000705.png,1
data\BUS-CoT\000706.png,1
data\BUS-CoT\000707.png,1
data\BUS-CoT\000708.png,1
data\BUS-CoT\000709.png,1
data\BUS-CoT\000710.png,1
data\BUS-CoT\000711.png,1
data\BUS-CoT\000712.png,1
data\BUS-CoT\000713.png,2
data\BUS-CoT\000714.png,2
data\BUS-CoT\000715.png,1
data\BUS-CoT\000716.png,1
data\BUS-CoT\000717.png,1
data\BUS-CoT\000718.png,1
data\BUS-CoT\000719.png,1
data\BUS-CoT\000720.png,1
data\BUS-CoT\000721.png,2
data\BUS-CoT\000722.png,2
data\BUS-CoT\000723.png,2
data\BUS-CoT\000724.png,1
data\BUS-CoT\000725.png,1
data\BUS-CoT\000726.png,1
data\BUS-CoT\000727.png,1
data\BUS-CoT\000728.png,1
data\BUS-CoT\000729.png,1
data\BUS-CoT\000730.png,1
data\BUS-CoT\000731.png,1
data\BUS-CoT\000732.png,1
data\BUS-CoT\000733.png,1
data\BUS-CoT\000734.png,1
data\BUS-CoT\000735.png,1
data\BUS-CoT\000736.png,2
data\BUS-CoT\000737.png,2
data\BUS-CoT\000738.png,1
data\BUS-CoT\000739.png,1
data\BUS-CoT\000740.png,1
data\BUS-CoT\000741.png,1
data\BUS-CoT\000742.png,1
data\BUS-CoT\000743.png,2
data\BUS-CoT\000744.png,2
data\BUS-CoT\000745.png,1
data\BUS-CoT\000746.png,1
data\BUS-CoT\000747.png,1
data\BUS-CoT\000748.png,1
data\BUS-CoT\000749.png,1
data\BUS-CoT\000750.png,1
data\BUS-CoT\000751.png,2
data\BUS-CoT\000752.png,2
data\BUS-CoT\000753.png,2
data\BUS-CoT\000754.png,2
data\BUS-CoT\000755.png,2
data\BUS-CoT\000756.png,2
data\BUS-CoT\000757.png,2
data\BUS-CoT\000758.png,1
data\BUS-CoT\000759.png,1
data\BUS-CoT\000760.png,2
data\BUS-CoT\000761.png,1
data\BUS-CoT\000762.png,1
data\BUS-CoT\000763.png,2
data\BUS-CoT\000764.png,2
data\BUS-CoT\000765.png,1
data\BUS-CoT\000766.png,1
data\BUS-CoT\000767.png,2
data\BUS-CoT\000768.png,2
data\BUS-CoT\000769.png,2
data\BUS-CoT\000770.png,2
data\BUS-CoT\000771.png,2
data\BUS-CoT\000772.png,2
data\BUS-CoT\000773.png,2
data\BUS-CoT\000774.png,1
data\BUS-CoT\000775.png,1
data\BUS-CoT\000776.png,2
data\BUS-CoT\000777.png,2
data\BUS-CoT\000778.png,2
data\BUS-CoT\000779.png,2
data\BUS-CoT\000780.png,2
data\BUS-CoT\000781.png,2
data\BUS-CoT\000782.png,1
data\BUS-CoT\000783.png,1
data\BUS-CoT\000784.png,2
data\BUS-CoT\000785.png,2
data\BUS-CoT\000786.png,1
data\BUS-CoT\000787.png,1
data\BUS-CoT\000788.png,2
data\BUS-CoT\000789.png,2
data\BUS-CoT\000790.png,2
data\BUS-CoT\000791.png,2
data\BUS-CoT\000792.png,2
data\BUS-CoT\000793.png,2
data\BUS-CoT\000794.png,2
data\BUS-CoT\000795.png,2
data\BUS-CoT\000796.png,2
data\BUS-CoT\000797.png,2
data\BUS-CoT\000798.png,1
data\BUS-CoT\000799.png,1
data\BUS-CoT\000800.png,1
data\BUS-CoT\000801.png,1
data\BUS-CoT\000802.png,1
data\BUS-CoT\000803.png,1
data\BUS-CoT\000804.png,1
data\BUS-CoT\000805.png,1
data\BUS-CoT\000806.png,1
data\BUS-CoT\000807.png,1
data\BUS-CoT\000808.png,1
data\BUS-CoT\000809.png,1
data\BUS-CoT\000810.png,1
data\BUS-CoT\000811.png,1
data\BUS-CoT\000812.png,1
data\BUS-CoT\000813.png,1
data\BUS-CoT\000814.png,1
data\BUS-CoT\000815.png,2
data\BUS-CoT\000816.png,2
data\BUS-CoT\000817.png,2
data\BUS-CoT\000818.png,2
data\BUS-CoT\000819.png,1
data\BUS-CoT\001630.png,1
data\BUS-CoT\001631.png,1
data\BUS-CoT\001632.png,1
data\BUS-CoT\001633.png,1
data\BUS-CoT\001634.png,1
data\BUS-CoT\001635.png,1
data\BUS-CoT\001636.png,1
data\BUS-CoT\001637.png,1
data\BUS-CoT\001638.png,2
data\BUS-CoT\001639.png,2
data\BUS-CoT\001640.png,2
data\BUS-CoT\001641.png,1
data\BUS-CoT\001642.png,1
data\BUS-CoT\001643.png,2
data\BUS-CoT\001644.png,2
data\BUS-CoT\001645.png,2
data\BUS-CoT\001646.png,2
data\BUS-CoT\001647.png,2
data\BUS-CoT\001648.png,2
data\BUS-CoT\001649.png,1
data\BUS-CoT\001650.png,1
data\BUS-CoT\001651.png,2
data\BUS-CoT\001652.png,2
data\BUS-CoT\001653.png,1
data\BUS-CoT\001654.png,1
data\BUS-CoT\001655.png,2
data\BUS-CoT\001656.png,2
data\BUS-CoT\001657.png,1
data\BUS-CoT\001658.png,1
data\BUS-CoT\001659.png,1
data\BUS-CoT\001660.png,1
data\BUS-CoT\001661.png,1
data\BUS-CoT\001662.png,1
data\BUS-CoT\001663.png,1
data\BUS-CoT\001664.png,1
data\BUS-CoT\001665.png,1
data\BUS-CoT\001666.png,1
data\BUS-CoT\001667.png,1
data\BUS-CoT\001668.png,1
data\BUS-CoT\001669.png,1
data\BUS-CoT\001670.png,1
data\BUS-CoT\001671.png,1
data\BUS-CoT\001672.png,1
data\BUS-CoT\001673.png,1
data\BUS-CoT\001674.png,1
data\BUS-CoT\001675.png,1
data\BUS-CoT\001676.png,1
data\BUS-CoT\001677.png,1
data\BUS-CoT\001678.png,1
data\BUS-CoT\001679.png,1
data\BUS-CoT\001680.png,1
data\BUS-CoT\001681.png,1
data\BUS-CoT\001682.png,1
data\BUS-CoT\001683.png,1
data\BUS-CoT\001684.png,1
data\BUS-CoT\001685.png,1
data\BUS-CoT\001686.png,1
data\BUS-CoT\001687.png,1
data\BUS-CoT\001688.png,1
data\BUS-CoT\001689.png,1
data\BUS-CoT\001690.png,1
data\BUS-CoT\001691.png,1
data\BUS-CoT\001692.png,1
data\BUS-CoT\001695.png,1
data\BUS-CoT\001696.png,1
data\BUS-CoT\001697.png,1
data\BUS-CoT\001698.png,1
data\BUS-CoT\001699.png,1
data\BUS-CoT\001700.png,1
data\BUS-CoT\001701.png,1
data\BUS-CoT\001702.png,1
data\BUS-CoT\001703.png,1
data\BUS-CoT\001704.png,1
data\BUS-CoT\001705.png,1
data\BUS-CoT\001706.png,1
data\BUS-CoT\001707.png,1
data\BUS-CoT\001708.png,1
data\BUS-CoT\001709.png,1
data\BUS-CoT\001710.png,1
data\BUS-CoT\001711.png,1
data\BUS-CoT\001712.png,1
data\BUS-CoT\001713.png,1
data\BUS-CoT\001714.png,1
data\BUS-CoT\001715.png,1
data\BUS-CoT\001716.png,1
data\BUS-CoT\001717.png,1
data\BUS-CoT\001718.png,1
data\BUS-CoT\001719.png,1
data\BUS-CoT\001720.png,1
data\BUS-CoT\001721.png,1
data\BUS-CoT\001722.png,1
data\BUS-CoT\001723.png,1
data\BUS-CoT\001724.png,1
data\BUS-CoT\001725.png,1
data\BUS-CoT\001726.png,1
data\BUS-CoT\001727.png,2
data\BUS-CoT\001728.png,2
data\BUS-CoT\001729.png,1
data\BUS-CoT\001730.png,1
data\BUS-CoT\001731.png,1
data\BUS-CoT\001732.png,1
data\BUS-CoT\001733.png,1
data\BUS-CoT\001734.png,1
data\BUS-CoT\001735.png,1
data\BUS-CoT\001736.png,1
data\BUS-CoT\001737.png,1
data\BUS-CoT\001738.png,1
data\BUS-CoT\001739.png,1
data\BUS-CoT\001740.png,1
data\BUS-CoT\001741.png,1
data\BUS-CoT\001742.png,1
data\BUS-CoT\001743.png,1
data\BUS-CoT\001744.png,1
data\BUS-CoT\001745.png,1
data\BUS-CoT\001746.png,1
data\BUS-CoT\001747.png,1
data\BUS-CoT\001748.png,1
data\BUS-CoT\001749.png,1
data\BUS-CoT\001750.png,1
data\BUS-CoT\001751.png,1
data\BUS-CoT\001752.png,1
data\BUS-CoT\001753.png,1
data\BUS-CoT\001754.png,1
data\BUS-CoT\001755.png,1
data\BUS-CoT\001756.png,1
data\BUS-CoT\001757.png,1
data\BUS-CoT\001758.png,1
data\BUS-CoT\001759.png,1
data\BUS-CoT\001760.png,1
data\BUS-CoT\001761.png,1
data\BUS-CoT\001762.png,1
data\BUS-CoT\001763.png,1
data\BUS-CoT\001764.png,1
data\BUS-CoT\001765.png,1
data\BUS-CoT\001766.png,1
data\BUS-CoT\001767.png,1
data\BUS-CoT\001768.png,1
data\BUS-CoT\001769.png,1
data\BUS-CoT\001770.png,1
data\BUS-CoT\001771.png,1
data\BUS-CoT\001772.png,1
data\BUS-CoT\001773.png,1
data\BUS-CoT\001774.png,1
data\BUS-CoT\001775.png,1
data\BUS-CoT\001776.png,1
data\BUS-CoT\001777.png,1
data\BUS-CoT\001778.png,1
data\BUS-CoT\001779.png,1
data\BUS-CoT\001780.png,1
data\BUS-CoT\001781.png,1
data\BUS-CoT\001782.png,1
data\BUS-CoT\001783.png,1
data\BUS-CoT\001784.png,1
data\BUS-CoT\001785.png,1
data\BUS-CoT\001786.png,1
data\BUS-CoT\001787.png,1
data\BUS-CoT\001788.png,1
data\BUS-CoT\001789.png,1
data\BUS-CoT\001790.png,1
data\BUS-CoT\001791.png,1
data\BUS-CoT\001792.png,1
data\BUS-CoT\001793.png,2
data\BUS-CoT\001794.png,2
data\BUS-CoT\001795.png,2
data\BUS-CoT\001796.png,2
data\BUS-CoT\001797.png,2
data\BUS-CoT\001798.png,2
data\BUS-CoT\001799.png,2
data\BUS-CoT\001800.png,2
data\BUS-CoT\001801.png,2
data\BUS-CoT\001802.png,2
data\BUS-CoT\001803.png,2
data\BUS-CoT\001804.png,2
data\BUS-CoT\001805.png,2
data\BUS-CoT\001806.png,2
data\BUS-CoT\001807.png,2
data\BUS-CoT\001808.png,2
data\BUS-CoT\001809.png,2
data\BUS-CoT\001810.png,2
data\BUS-CoT\001811.png,2
data\BUS-CoT\001812.png,2
data\BUS-CoT\001813.png,2
data\BUS-CoT\001814.png,2
data\BUS-CoT\001815.png,2
data\BUS-CoT\001816.png,2
data\BUS-CoT\001817.png,2
data\BUS-CoT\001818.png,2
data\BUS-CoT\001819.png,2
data\BUS-CoT\001820.png,2
data\BUS-CoT\001821.png,2
data\BUS-CoT\001822.png,2
data\BUS-CoT\001823.png,1
data\BUS-CoT\001824.png,1
data\BUS-CoT\001825.png,1
data\BUS-CoT\001826.png,1
data\BUS-CoT\001827.png,1
data\BUS-CoT\001828.png,1
data\BUS-CoT\001829.png,1
data\BUS-CoT\001830.png,1
data\BUS-CoT\001831.png,1
data\BUS-CoT\001832.png,1
data\BUS-CoT\001833.png,1
data\BUS-CoT\001834.png,1
data\BUS-CoT\001835.png,1
data\BUS-CoT\001836.png,1
data\BUS-CoT\001837.png,1
data\BUS-CoT\001838.png,1
data\BUS-CoT\001839.png,1
data\BUS-CoT\001840.png,1
data\BUS-CoT\001841.png,1
data\BUS-CoT\001842.png,1
data\BUS-CoT\001843.png,1
data\BUS-CoT\001844.png,1
data\BUS-CoT\001845.png,1
data\BUS-CoT\001846.png,1
data\BUS-CoT\001847.png,1
data\BUS-CoT\001848.png,1
data\BUS-CoT\001849.png,1
data\BUS-CoT\001850.png,1
data\BUS-CoT\001851.png,2
data\BUS-CoT\001852.png,2
data\BUS-CoT\001853.png,1
data\BUS-CoT\001854.png,1
data\BUS-CoT\001855.png,1
data\BUS-CoT\001856.png,1
data\BUS-CoT\001857.png,1
data\BUS-CoT\001858.png,1
data\BUS-CoT\001859.png,1
data\BUS-CoT\001860.png,2
data\BUS-CoT\001861.png,1
data\BUS-CoT\001862.png,1
data\BUS-CoT\001863.png,1
data\BUS-CoT\001864.png,1
data\BUS-CoT\001865.png,1
data\BUS-CoT\001866.png,1
data\BUS-CoT\001867.png,1
data\BUS-CoT\001868.png,1
data\BUS-CoT\001869.png,1
data\BUS-CoT\001870.png,1
data\BUS-CoT\001871.png,2
data\BUS-CoT\001872.png,2
data\BUS-CoT\001873.png,2
data\BUS-CoT\001874.png,2
data\BUS-CoT\001875.png,2
data\BUS-CoT\001876.png,2
data\BUS-CoT\001877.png,2
data\BUS-CoT\001878.png,2
data\BUS-CoT\001879.png,2
data\BUS-CoT\001880.png,2
data\BUS-CoT\001881.png,2
data\BUS-CoT\001882.png,2
data\BUS-CoT\001883.png,2
data\BUS-CoT\001884.png,2
data\BUS-CoT\001885.png,2
data\BUS-CoT\001886.png,2
data\BUS-CoT\001887.png,2
data\BUS-CoT\001888.png,2
data\BUS-CoT\001889.png,2
data\BUS-CoT\001890.png,2
data\BUS-CoT\001891.png,2
data\BUS-CoT\001892.png,2
data\BUS-CoT\001893.png,2
data\BUS-CoT\001894.png,2
data\BUS-CoT\001895.png,2
data\BUS-CoT\001896.png,1
data\BUS-CoT\001897.png,1
data\BUS-CoT\001898.png,1
data\BUS-CoT\001899.png,2
data\BUS-CoT\001900.png,2
data\BUS-CoT\001901.png,1
data\BUS-CoT\001902.png,1
data\BUS-CoT\001903.png,1
data\BUS-CoT\001904.png,1
data\BUS-CoT\001905.png,1
data\BUS-CoT\001906.png,1
data\BUS-CoT\001907.png,1
data\BUS-CoT\001908.png,1
data\BUS-CoT\001909.png,2
data\BUS-CoT\001910.png,1
data\BUS-CoT\001911.png,1
data\BUS-CoT\001912.png,1
data\BUS-CoT\001913.png,1
data\BUS-CoT\001914.png,1
data\BUS-CoT\001915.png,1
data\BUS-CoT\001916.png,2
data\BUS-CoT\001917.png,2
data\BUS-CoT\001918.png,1
data\BUS-CoT\001919.png,1
data\BUS-CoT\001920.png,2
data\BUS-CoT\001921.png,2
data\BUS-CoT\001922.png,1
data\BUS-CoT\001923.png,1
data\BUS-CoT\001924.png,1
data\BUS-CoT\001925.png,1
data\BUS-CoT\001926.png,1
data\BUS-CoT\001927.png,1
data\BUS-CoT\001928.png,1
data\BUS-CoT\001929.png,2
data\BUS-CoT\001930.png,2
data\BUS-CoT\001931.png,1
data\BUS-CoT\001932.png,1
data\BUS-CoT\001933.png,1
data\BUS-CoT\001934.png,1
data\BUS-CoT\001935.png,1
data\BUS-CoT\001936.png,1
data\BUS-CoT\001937.png,2
data\BUS-CoT\001938.png,2
data\BUS-CoT\001939.png,2
data\BUS-CoT\001940.png,2
data\BUS-CoT\001941.png,1
data\BUS-CoT\001942.png,2
data\BUS-CoT\001943.png,2
data\BUS-CoT\001944.png,2
data\BUS-CoT\001945.png,2
data\BUS-CoT\001946.png,2
data\BUS-CoT\001947.png,2
data\BUS-CoT\001948.png,2
data\BUS-CoT\001949.png,2
data\BUS-CoT\001950.png,1
data\BUS-CoT\001951.png,1
data\BUS-CoT\001952.png,1
data\BUS-CoT\001953.png,1
data\BUS-CoT\001954.png,2
data\BUS-CoT\001955.png,2
data\BUS-CoT\001956.png,2
data\BUS-CoT\001957.png,2
data\BUS-CoT\001958.png,2
data\BUS-CoT\001959.png,2
data\BUS-CoT\001960.png,2
data\BUS-CoT\001961.png,2
data\BUS-CoT\001962.png,1
data\BUS-CoT\001963.png,1
data\BUS-CoT\001964.png,2
data\BUS-CoT\001965.png,2
data\BUS-CoT\001966.png,2
data\BUS-CoT\001967.png,2
data\BUS-CoT\001968.png,1
data\BUS-CoT\001969.png,1
data\BUS-CoT\001970.png,1
data\BUS-CoT\001971.png,1
data\BUS-CoT\001972.png,2
data\BUS-CoT\001973.png,2
data\BUS-CoT\001974.png,2
data\BUS-CoT\001975.png,2
data\BUS-CoT\001976.png,2
data\BUS-CoT\001977.png,2
data\BUS-CoT\001978.png,1
data\BUS-CoT\001979.png,1
data\BUS-CoT\001980.png,2
data\BUS-CoT\001981.png,2
data\BUS-CoT\001982.png,2
data\BUS-CoT\001983.png,2
data\BUS-CoT\001984.png,2
data\BUS-CoT\001985.png,2
data\BUS-CoT\001986.png,1
data\BUS-CoT\001987.png,1
data\BUS-CoT\001988.png,2
data\BUS-CoT\001989.png,2
data\BUS-CoT\001990.png,2
data\BUS-CoT\001991.png,2
data\BUS-CoT\001992.png,1
data\BUS-CoT\001993.png,1
data\BUS-CoT\001994.png,1
data\BUS-CoT\001995.png,1
data\BUS-CoT\001996.png,2
data\BUS-CoT\001997.png,2
data\BUS-CoT\001998.png,1
data\BUS-CoT\001999.png,1
data\BUS-CoT\002000.png,1
data\BUS-CoT\002001.png,1
data\BUS-CoT\002002.png,2
data\BUS-CoT\002003.png,2
data\BUS-CoT\002004.png,1
data\BUS-CoT\002005.png,1
data\BUS-CoT\002006.png,2
data\BUS-CoT\002007.png,2
data\BUS-CoT\002008.png,1
data\BUS-CoT\002009.png,1
data\BUS-CoT\002010.png,2
data\BUS-CoT\002011.png,2
data\BUS-CoT\002012.png,1
data\BUS-CoT\002013.png,1
data\BUS-CoT\002014.png,1
data\BUS-CoT\002015.png,1
data\BUS-CoT\002016.png,1
data\BUS-CoT\002017.png,1
data\BUS-CoT\002018.png,1
data\BUS-CoT\002019.png,2
data\BUS-CoT\002020.png,2
data\BUS-CoT\002021.png,2
data\BUS-CoT\002022.png,2
data\BUS-CoT\002023.png,2
data\BUS-CoT\002024.png,2
data\BUS-CoT\002025.png,1
data\BUS-CoT\002026.png,1
data\BUS-CoT\002027.png,1
data\BUS-CoT\002028.png,1
data\BUS-CoT\002029.png,2
data\BUS-CoT\002030.png,1
data\BUS-CoT\002031.png,1
data\BUS-CoT\002032.png,2
data\BUS-CoT\002033.png,2
data\BUS-CoT\002034.png,2
data\BUS-CoT\002035.png,2
data\BUS-CoT\002036.png,1
data\BUS-CoT\002037.png,1
data\BUS-CoT\002044.png,2
data\BUS-CoT\002045.png,2
data\BUS-CoT\002049.png,1
data\BUS-CoT\002052.png,1
data\BUS-CoT\002053.png,2
data\BUS-CoT\002059.png,1
data\BUS-CoT\002065.png,1
data\BUS-CoT\002067.png,2
data\BUS-CoT\002068.png,2
data\BUS-CoT\002071.png,2
data\BUS-CoT\002073.png,2
data\BUS-CoT\002077.png,2
data\BUS-CoT\002081.png,2
data\BUS-CoT\002093.png,1
data\BUS-CoT\002095.png,1
data\BUS-CoT\002102.png,2
data\BUS-CoT\002104.png,2
data\BUS-CoT\002106.png,1
data\BUS-CoT\002151.png,2
data\BUS-CoT\002152.png,2
data\BUS-CoT\002153.png,2
data\BUS-CoT\002154.png,2
data\BUS-CoT\002155.png,2
data\BUS-CoT\002156.png,2
data\BUS-CoT\002157.png,2
data\BUS-CoT\002158.png,2
data\BUS-CoT\002159.png,2
data\BUS-CoT\002160.png,2
data\BUS-CoT\002161.png,2
data\BUS-CoT\002162.png,2
data\BUS-CoT\002163.png,2
data\BUS-CoT\002164.png,2
data\BUS-CoT\002165.png,2
data\BUS-CoT\002166.png,2
data\BUS-CoT\002167.png,2
data\BUS-CoT\002168.png,2
data\BUS-CoT\002169.png,2
data\BUS-CoT\002170.png,2
data\BUS-CoT\002171.png,2
data\BUS-CoT\002172.png,2
data\BUS-CoT\002173.png,2
data\BUS-CoT\002174.png,2
data\BUS-CoT\002175.png,2
data\BUS-CoT\002176.png,2
data\BUS-CoT\002177.png,2
data\BUS-CoT\002178.png,2
data\BUS-CoT\002179.png,2
data\BUS-CoT\002180.png,2
data\BUS-CoT\002181.png,2
data\BUS-CoT\002182.png,2
data\BUS-CoT\002183.png,2
data\BUS-CoT\002184.png,2
data\BUS-CoT\002185.png,2
data\BUS-CoT\002186.png,2
data\BUS-CoT\002188.png,2
data\BUS-CoT\002189.png,2
data\BUS-CoT\002191.png,2
data\BUS-CoT\002192.png,2
data\BUS-CoT\002193.png,2
data\BUS-CoT\002194.png,2
data\BUS-CoT\002195.png,2
data\BUS-CoT\002196.png,2
data\BUS-CoT\002198.png,2
data\BUS-CoT\002199.png,2
data\BUS-CoT\002201.png,2
data\BUS-CoT\002202.png,2
data\BUS-CoT\002203.png,2
data\BUS-CoT\002204.png,2
data\BUS-CoT\002205.png,2
data\BUS-CoT\002206.png,2
data\BUS-CoT\002208.png,2
data\BUS-CoT\002209.png,2
data\BUS-CoT\002210.png,2
data\BUS-CoT\002211.png,2
data\BUS-CoT\002213.png,2
data\BUS-CoT\002214.png,2
data\BUS-CoT\002216.png,2
data\BUS-CoT\002217.png,2
data\BUS-CoT\002219.png,2
data\BUS-CoT\002220.png,2
data\BUS-CoT\002222.png,2
data\BUS-CoT\002223.png,2
data\BUS-CoT\002224.png,2
data\BUS-CoT\002225.png,2
data\BUS-CoT\002227.png,2
data\BUS-CoT\002228.png,2
data\BUS-CoT\002230.png,2
data\BUS-CoT\002231.png,2
data\BUS-CoT\002233.png,2
data\BUS-CoT\002234.png,2
data\BUS-CoT\002236.png,2
data\BUS-CoT\002237.png,2
data\BUS-CoT\002238.png,2
data\BUS-CoT\002239.png,2
data\BUS-CoT\002241.png,2
data\BUS-CoT\002242.png,2
data\BUS-CoT\002244.png,2
data\BUS-CoT\002245.png,2
data\BUS-CoT\002246.png,2
data\BUS-CoT\002247.png,2
data\BUS-CoT\002249.png,2
data\BUS-CoT\002250.png,2
data\BUS-CoT\002251.png,2
data\BUS-CoT\002252.png,2
data\BUS-CoT\002254.png,2
data\BUS-CoT\002255.png,2
data\BUS-CoT\002256.png,2
data\BUS-CoT\002257.png,2
data\BUS-CoT\002258.png,2
data\BUS-CoT\002259.png,2
data\BUS-CoT\002261.png,2
data\BUS-CoT\002262.png,2
data\BUS-CoT\002264.png,2
data\BUS-CoT\002265.png,2
data\BUS-CoT\002268.png,2
data\BUS-CoT\002269.png,2
data\BUS-CoT\002272.png,2
data\BUS-CoT\002273.png,2
data\BUS-CoT\002276.png,2
data\BUS-CoT\002277.png,2
data\BUS-CoT\002280.png,2
data\BUS-CoT\002281.png,2
data\BUS-CoT\002284.png,2
data\BUS-CoT\002285.png,2
data\BUS-CoT\002287.png,2
data\BUS-CoT\002288.png,2
data\BUS-CoT\002290.png,2
data\BUS-CoT\002291.png,2
data\BUS-CoT\002294.png,2
data\BUS-CoT\002295.png,2
data\BUS-CoT\002297.png,2
data\BUS-CoT\002298.png,2
data\BUS-CoT\002300.png,1
data\BUS-CoT\002301.png,1
data\BUS-CoT\002302.png,1
data\BUS-CoT\002303.png,1
data\BUS-CoT\002304.png,1
data\BUS-CoT\002305.png,1
data\BUS-CoT\002306.png,1
data\BUS-CoT\002307.png,1
data\BUS-CoT\002308.png,1
data\BUS-CoT\002309.png,1
data\BUS-CoT\002311.png,1
data\BUS-CoT\002312.png,1
data\BUS-CoT\002313.png,1
data\BUS-CoT\002314.png,1
data\BUS-CoT\002316.png,1
data\BUS-CoT\002317.png,1
data\BUS-CoT\002318.png,1
data\BUS-CoT\002319.png,1
data\BUS-CoT\002320.png,1
data\BUS-CoT\002321.png,1
data\BUS-CoT\002322.png,1
data\BUS-CoT\002323.png,1
data\BUS-CoT\002324.png,1
data\BUS-CoT\002325.png,1
data\BUS-CoT\002326.png,1
data\BUS-CoT\002327.png,1
data\BUS-CoT\002328.png,1
data\BUS-CoT\002329.png,1
data\BUS-CoT\002330.png,1
data\BUS-CoT\002331.png,1
data\BUS-CoT\002332.png,1
data\BUS-CoT\002333.png,1
data\BUS-CoT\002334.png,1
data\BUS-CoT\002335.png,1
data\BUS-CoT\002336.png,1
data\BUS-CoT\002337.png,1
data\BUS-CoT\002339.png,1
data\BUS-CoT\002340.png,1
data\BUS-CoT\002341.png,1
data\BUS-CoT\002342.png,1
data\BUS-CoT\002343.png,1
data\BUS-CoT\002344.png,1
data\BUS-CoT\002345.png,1
data\BUS-CoT\002346.png,1
data\BUS-CoT\002347.png,1
data\BUS-CoT\002348.png,1
data\BUS-CoT\002349.png,1
data\BUS-CoT\002350.png,1
data\BUS-CoT\002351.png,1
data\BUS-CoT\002352.png,1
data\BUS-CoT\002353.png,1
data\BUS-CoT\002354.png,1
data\BUS-CoT\002355.png,1
data\BUS-CoT\002356.png,1
data\BUS-CoT\002357.png,1
data\BUS-CoT\002358.png,1
data\BUS-CoT\002359.png,1
data\BUS-CoT\002360.png,1
data\BUS-CoT\002361.png,1
data\BUS-CoT\002362.png,1
data\BUS-CoT\002363.png,1
data\BUS-CoT\002364.png,1
data\BUS-CoT\002365.png,1
data\BUS-CoT\002366.png,1
data\BUS-CoT\002367.png,1
data\BUS-CoT\002368.png,1
data\BUS-CoT\002369.png,1
data\BUS-CoT\002370.png,1
data\BUS-CoT\002371.png,1
data\BUS-CoT\002372.png,1
data\BUS-CoT\002373.png,1
data\BUS-CoT\002374.png,1
data\BUS-CoT\002375.png,1
data\BUS-CoT\002376.png,1
data\BUS-CoT\002377.png,1
data\BUS-CoT\002378.png,1
data\BUS-CoT\002381.png,1
data\BUS-CoT\002382.png,1
data\BUS-CoT\002385.png,1
data\BUS-CoT\002386.png,1
data\BUS-CoT\002389.png,1
data\BUS-CoT\002390.png,1
data\BUS-CoT\002393.png,1
data\BUS-CoT\002394.png,1
data\BUS-CoT\002397.png,1
data\BUS-CoT\002398.png,1
data\BUS-CoT\002401.png,1
data\BUS-CoT\002402.png,1
data\BUS-CoT\002405.png,1
data\BUS-CoT\002406.png,1
data\BUS-CoT\002407.png,1
data\BUS-CoT\002409.png,1
data\BUS-CoT\002410.png,1
data\BUS-CoT\002413.png,1
data\BUS-CoT\002414.png,1
data\BUS-CoT\002417.png,1
data\BUS-CoT\002418.png,1
data\BUS-CoT\002421.png,1
data\BUS-CoT\002422.png,1
data\BUS-CoT\002425.png,1
data\BUS-CoT\002426.png,1
data\BUS-CoT\002429.png,1
data\BUS-CoT\002430.png,1
data\BUS-CoT\002433.png,1
data\BUS-CoT\002436.png,1
data\BUS-CoT\002437.png,1
data\BUS-CoT\002440.png,2
data\BUS-CoT\002441.png,2
data\BUS-CoT\002444.png,2
data\BUS-CoT\002445.png,2
data\BUS-CoT\002448.png,2
data\BUS-CoT\002449.png,2
data\BUS-CoT\002452.png,2
data\BUS-CoT\002453.png,2
data\BUS-CoT\002456.png,2
data\BUS-CoT\002457.png,2
data\BUS-CoT\002460.png,2
data\BUS-CoT\002461.png,2
data\BUS-CoT\002464.png,2
data\BUS-CoT\002465.png,2
data\BUS-CoT\002468.png,2
data\BUS-CoT\002469.png,2
data\BUS-CoT\002472.png,2
data\BUS-CoT\002473.png,2
data\BUS-CoT\002476.png,2
data\BUS-CoT\002477.png,2
data\BUS-CoT\002480.png,2
data\BUS-CoT\002481.png,2
data\BUS-CoT\002484.png,2
data\BUS-CoT\002485.png,2
data\BUS-CoT\002488.png,2
data\BUS-CoT\002489.png,2
data\BUS-CoT\002492.png,2
data\BUS-CoT\002493.png,2
data\BUS-CoT\002496.png,2
data\BUS-CoT\002497.png,2
data\BUS-CoT\002500.png,2
data\BUS-CoT\002501.png,2
data\BUS-CoT\002504.png,2
data\BUS-CoT\002505.png,2
data\BUS-CoT\002508.png,2
data\BUS-CoT\002509.png,2
data\BUS-CoT\002512.png,2
data\BUS-CoT\002513.png,2
data\BUS-CoT\002516.png,2
data\BUS-CoT\002517.png,2
data\BUS-CoT\002520.png,2
data\BUS-CoT\002521.png,2
data\BUS-CoT\002524.png,2
data\BUS-CoT\002525.png,2
data\BUS-CoT\002528.png,2
data\BUS-CoT\002529.png,2
data\BUS-CoT\002532.png,2
data\BUS-CoT\002533.png,2
data\BUS-CoT\002536.png,2
data\BUS-CoT\002537.png,2
data\BUS-CoT\002540.png,2
data\BUS-CoT\002541.png,2
data\BUS-CoT\002544.png,2
data\BUS-CoT\002545.png,2
data\BUS-CoT\002548.png,2
data\BUS-CoT\002549.png,2
data\BUS-CoT\002552.png,2
data\BUS-CoT\002553.png,2
data\BUS-CoT\002556.png,2
data\BUS-CoT\002557.png,2
data\BUS-CoT\002560.png,2
data\BUS-CoT\002561.png,2
data\BUS-CoT\002564.png,2
data\BUS-CoT\002565.png,2
data\BUS-CoT\002568.png,2
data\BUS-CoT\002569.png,2
data\BUS-CoT\002572.png,2
data\BUS-CoT\002573.png,2
data\BUS-CoT\002576.png,2
data\BUS-CoT\002577.png,2
data\BUS-CoT\002580.png,2
data\BUS-CoT\002581.png,2
data\BUS-CoT\002584.png,2
data\BUS-CoT\002585.png,2
data\BUS-CoT\002588.png,2
data\BUS-CoT\002589.png,2
data\BUS-CoT\002590.png,2
data\BUS-CoT\002592.png,2
data\BUS-CoT\002593.png,2
data\BUS-CoT\002596.png,2
data\BUS-CoT\002597.png,2
data\BUS-CoT\002600.png,2
data\BUS-CoT\002601.png,2
data\BUS-CoT\002604.png,2
data\BUS-CoT\002605.png,2
data\BUS-CoT\002608.png,2
data\BUS-CoT\002609.png,2
data\BUS-CoT\002612.png,2
data\BUS-CoT\002613.png,2
data\BUS-CoT\002616.png,2
data\BUS-CoT\002617.png,2
data\BUS-CoT\002620.png,2
data\BUS-CoT\002621.png,2
data\BUS-CoT\002624.png,2
data\BUS-CoT\002625.png,2
data\BUS-CoT\002628.png,2
data\BUS-CoT\002629.png,2
data\BUS-CoT\002632.png,2
data\BUS-CoT\002633.png,2
data\BUS-CoT\002636.png,2
data\BUS-CoT\002637.png,2
data\BUS-CoT\002640.png,2
data\BUS-CoT\002641.png,2
data\BUS-CoT\002644.png,2
data\BUS-CoT\002645.png,2
data\BUS-CoT\002648.png,2
data\BUS-CoT\002649.png,2
data\BUS-CoT\002652.png,2
data\BUS-CoT\002653.png,2
data\BUS-CoT\002656.png,2
data\BUS-CoT\002657.png,2
data\BUS-CoT\002660.png,2
data\BUS-CoT\002661.png,2
data\BUS-CoT\002664.png,2
data\BUS-CoT\002665.png,2
data\BUS-CoT\002668.png,2
data\BUS-CoT\002669.png,2
data\BUS-CoT\002676.png,2
data\BUS-CoT\002677.png,2
data\BUS-CoT\002680.png,2
data\BUS-CoT\002681.png,2
data\BUS-CoT\002684.png,2
data\BUS-CoT\002685.png,2
data\BUS-CoT\002688.png,2
data\BUS-CoT\002689.png,2
data\BUS-CoT\002692.png,2
data\BUS-CoT\002693.png,2
data\BUS-CoT\002696.png,1
data\BUS-CoT\002699.png,1
data\BUS-CoT\002702.png,1
data\BUS-CoT\002705.png,1
data\BUS-CoT\002708.png,1
data\BUS-CoT\002711.png,1
data\BUS-CoT\002714.png,1
data\BUS-CoT\002717.png,1
data\BUS-CoT\002720.png,1
data\BUS-CoT\002723.png,2
data\BUS-CoT\002724.png,2
data\BUS-CoT\002727.png,1
data\BUS-CoT\002731.png,1
data\BUS-CoT\002734.png,1
data\BUS-CoT\002737.png,1
data\BUS-CoT\002740.png,1
data\BUS-CoT\002743.png,1
data\BUS-CoT\002746.png,1
data\BUS-CoT\002749.png,1
data\BUS-CoT\002752.png,1
data\BUS-CoT\002755.png,1
data\BUS-CoT\002758.png,1
data\BUS-CoT\002761.png,1
data\BUS-CoT\002764.png,1
data\BUS-CoT\002767.png,1
data\BUS-CoT\002770.png,1
data\BUS-CoT\002773.png,1
data\BUS-CoT\002776.png,1
data\BUS-CoT\002779.png,1
data\BUS-CoT\002782.png,1
data\BUS-CoT\002785.png,1
data\BUS-CoT\002788.png,1
data\BUS-CoT\002791.png,1
data\BUS-CoT\002794.png,1
data\BUS-CoT\002797.png,1
data\BUS-CoT\002800.png,1
data\BUS-CoT\002803.png,1
data\BUS-CoT\002806.png,1
data\BUS-CoT\002809.png,1
data\BUS-CoT\002812.png,1
data\BUS-CoT\002815.png,1
data\BUS-CoT\002818.png,1
data\BUS-CoT\002821.png,1
data\BUS-CoT\002824.png,2
data\BUS-CoT\002825.png,2
data\BUS-CoT\002832.png,2
data\BUS-CoT\002833.png,2
data\BUS-CoT\002840.png,2
data\BUS-CoT\002841.png,2
data\BUS-CoT\002844.png,1
data\BUS-CoT\002845.png,1
data\BUS-CoT\002846.png,1
data\BUS-CoT\002848.png,1
data\BUS-CoT\002849.png,1
data\BUS-CoT\002852.png,2
data\BUS-CoT\002853.png,2
data\BUS-CoT\002854.png,2
data\BUS-CoT\002856.png,2
data\BUS-CoT\002857.png,2
data\BUS-CoT\002864.png,2
data\BUS-CoT\002865.png,2
data\BUS-CoT\002868.png,2
data\BUS-CoT\002869.png,2
data\BUS-CoT\002870.png,2
data\BUS-CoT\002872.png,2
data\BUS-CoT\002873.png,2
data\BUS-CoT\002874.png,2
data\BUS-CoT\002876.png,2
data\BUS-CoT\002877.png,2
data\BUS-CoT\002878.png,2
data\BUS-CoT\002884.png,2
data\BUS-CoT\002885.png,2
data\BUS-CoT\002886.png,2
data\BUS-CoT\002892.png,2
data\BUS-CoT\002898.png,2
data\BUS-CoT\002904.png,1
data\BUS-CoT\002908.png,1
data\BUS-CoT\002910.png,1
data\BUS-CoT\002912.png,1
data\BUS-CoT\002914.png,1
data\BUS-CoT\002916.png,1
data\BUS-CoT\002918.png,1
data\BUS-CoT\002920.png,2
data\BUS-CoT\002921.png,2
data\BUS-CoT\002924.png,1
data\BUS-CoT\002927.png,1
data\BUS-CoT\002930.png,1
data\BUS-CoT\002933.png,1
data\BUS-CoT\002936.png,1
data\BUS-CoT\002939.png,1
data\BUS-CoT\002942.png,1
data\BUS-CoT\002945.png,1
data\BUS-CoT\002948.png,1
data\BUS-CoT\002951.png,1
data\BUS-CoT\002954.png,1
data\BUS-CoT\002957.png,1
data\BUS-CoT\002960.png,1
data\BUS-CoT\002963.png,1
data\BUS-CoT\002966.png,1
data\BUS-CoT\002969.png,1
data\BUS-CoT\002972.png,1
data\BUS-CoT\002975.png,1
data\BUS-CoT\002978.png,1
data\BUS-CoT\002981.png,1
data\BUS-CoT\002984.png,1
data\BUS-CoT\002987.png,1
data\BUS-CoT\002990.png,1
data\BUS-CoT\002993.png,1
data\BUS-CoT\002996.png,1
data\BUS-CoT\002999.png,1
data\BUS-CoT\003000.png,1
data\BUS-CoT\003003.png,1
data\BUS-CoT\003006.png,1
data\BUS-CoT\003009.png,1
data\BUS-CoT\003012.png,1
data\BUS-CoT\003013.png,1
data\BUS-CoT\003016.png,1
data\BUS-CoT\003017.png,1
data\BUS-CoT\003018.png,1
data\BUS-CoT\003019.png,1
data\BUS-CoT\003022.png,2
data\BUS-CoT\003025.png,2
data\BUS-CoT\003028.png,2
data\BUS-CoT\003031.png,2
data\BUS-CoT\003033.png,2
data\BUS-CoT\003037.png,1
data\BUS-CoT\003038.png,1
data\BUS-CoT\003039.png,1
data\BUS-CoT\003040.png,1
data\BUS-CoT\003041.png,1
data\BUS-CoT\003042.png,1
data\BUS-CoT\003043.png,1
data\BUS-CoT\003044.png,1
data\BUS-CoT\003045.png,1
data\BUS-CoT\003046.png,1
data\BUS-CoT\003047.png,1
data\BUS-CoT\003048.png,1
data\BUS-CoT\003049.png,1
data\BUS-CoT\003050.png,1
data\BUS-CoT\003051.png,1
data\BUS-CoT\003052.png,1
data\BUS-CoT\003053.png,1
data\BUS-CoT\003054.png,1
data\BUS-CoT\003055.png,1
data\BUS-CoT\003056.png,1
data\BUS-CoT\003057.png,1
data\BUS-CoT\003058.png,1
data\BUS-CoT\003059.png,1
data\BUS-CoT\003060.png,1
data\BUS-CoT\003061.png,1
data\BUS-CoT\003062.png,1
data\BUS-CoT\003063.png,1
data\BUS-CoT\003064.png,1
data\BUS-CoT\003065.png,1
data\BUS-CoT\003066.png,1
data\BUS-CoT\003067.png,1
data\BUS-CoT\003068.png,1
data\BUS-CoT\003069.png,1
data\BUS-CoT\003070.png,1
data\BUS-CoT\003071.png,1
data\BUS-CoT\003072.png,1
data\BUS-CoT\003073.png,1
data\BUS-CoT\003074.png,1
data\BUS-CoT\003075.png,1
data\BUS-CoT\003076.png,1
data\BUS-CoT\003077.png,1
data\BUS-CoT\003078.png,1
data\BUS-CoT\003079.png,1
data\BUS-CoT\003081.png,1
data\BUS-CoT\003082.png,1
data\BUS-CoT\003083.png,1
data\BUS-CoT\003084.png,1
data\BUS-CoT\003085.png,1
data\BUS-CoT\003086.png,1
data\BUS-CoT\003088.png,1
data\BUS-CoT\003089.png,1
data\BUS-CoT\003090.png,1
data\BUS-CoT\003091.png,1
data\BUS-CoT\003092.png,1
data\BUS-CoT\003093.png,1
data\BUS-CoT\003094.png,1
data\BUS-CoT\003095.png,1
data\BUS-CoT\003096.png,1
data\BUS-CoT\003097.png,1
data\BUS-CoT\003098.png,1
data\BUS-CoT\003099.png,1
data\BUS-CoT\003100.png,1
data\BUS-CoT\003101.png,1
data\BUS-CoT\003102.png,1
data\BUS-CoT\003103.png,1
data\BUS-CoT\003104.png,1
data\BUS-CoT\003105.png,1
data\BUS-CoT\003106.png,1
data\BUS-CoT\003107.png,1
data\BUS-CoT\003108.png,1
data\BUS-CoT\003109.png,1
data\BUS-CoT\003110.png,1
data\BUS-CoT\003111.png,1
data\BUS-CoT\003112.png,1
data\BUS-CoT\003113.png,1
data\BUS-CoT\003114.png,1
data\BUS-CoT\003115.png,1
data\BUS-CoT\003116.png,1
data\BUS-CoT\003117.png,1
data\BUS-CoT\003118.png,1
data\BUS-CoT\003119.png,1
data\BUS-CoT\003120.png,1
data\BUS-CoT\003121.png,1
data\BUS-CoT\003122.png,1
data\BUS-CoT\003123.png,1
data\BUS-CoT\003124.png,1
data\BUS-CoT\003125.png,1
data\BUS-CoT\003126.png,1
data\BUS-CoT\003127.png,1
data\BUS-CoT\003128.png,1
data\BUS-CoT\003129.png,1
data\BUS-CoT\003130.png,1
data\BUS-CoT\003131.png,1
data\BUS-CoT\003132.png,1
data\BUS-CoT\003133.png,1
data\BUS-CoT\003134.png,1
data\BUS-CoT\003135.png,1
data\BUS-CoT\003136.png,1
data\BUS-CoT\003137.png,1
data\BUS-CoT\003138.png,1
data\BUS-CoT\003139.png,1
data\BUS-CoT\003140.png,1
data\BUS-CoT\003141.png,1
data\BUS-CoT\003142.png,1
data\BUS-CoT\003143.png,1
data\BUS-CoT\003144.png,1
data\BUS-CoT\003145.png,1
data\BUS-CoT\003146.png,1
data\BUS-CoT\003147.png,1
data\BUS-CoT\003148.png,1
data\BUS-CoT\003149.png,1
data\BUS-CoT\003150.png,1
data\BUS-CoT\003151.png,1
data\BUS-CoT\003152.png,1
data\BUS-CoT\003153.png,1
data\BUS-CoT\003154.png,1
data\BUS-CoT\003155.png,1
data\BUS-CoT\003156.png,1
data\BUS-CoT\003157.png,1
data\BUS-CoT\003158.png,1
data\BUS-CoT\003159.png,1
data\BUS-CoT\003160.png,1
data\BUS-CoT\003161.png,1
data\BUS-CoT\003162.png,1
data\BUS-CoT\003163.png,1
data\BUS-CoT\003164.png,1
data\BUS-CoT\003165.png,1
data\BUS-CoT\003166.png,1
data\BUS-CoT\003167.png,1
data\BUS-CoT\003168.png,1
data\BUS-CoT\003169.png,1
data\BUS-CoT\003170.png,1
data\BUS-CoT\003171.png,1
data\BUS-CoT\003172.png,1
data\BUS-CoT\003173.png,1
data\BUS-CoT\003174.png,1
data\BUS-CoT\003175.png,1
data\BUS-CoT\003176.png,1
data\BUS-CoT\003177.png,1
data\BUS-CoT\003178.png,1
data\BUS-CoT\003179.png,1
data\BUS-CoT\003180.png,1
data\BUS-CoT\003181.png,1
data\BUS-CoT\003182.png,1
data\BUS-CoT\003183.png,1
data\BUS-CoT\003184.png,1
data\BUS-CoT\003185.png,1
data\BUS-CoT\003186.png,1
data\BUS-CoT\003187.png,1
data\BUS-CoT\003188.png,1
data\BUS-CoT\003189.png,1
data\BUS-CoT\003190.png,1
data\BUS-CoT\003191.png,1
data\BUS-CoT\003192.png,1
data\BUS-CoT\003193.png,1
data\BUS-CoT\003194.png,1
data\BUS-CoT\003195.png,1
data\BUS-CoT\003196.png,1
data\BUS-CoT\003197.png,1
data\BUS-CoT\003198.png,1
data\BUS-CoT\003199.png,1
data\BUS-CoT\003200.png,1
data\BUS-CoT\003201.png,1
data\BUS-CoT\003202.png,1
data\BUS-CoT\003203.png,1
data\BUS-CoT\003204.png,1
data\BUS-CoT\003205.png,1
data\BUS-CoT\003206.png,1
data\BUS-CoT\003207.png,1
data\BUS-CoT\003208.png,1
data\BUS-CoT\003209.png,1
data\BUS-CoT\003210.png,1
data\BUS-CoT\003211.png,1
data\BUS-CoT\003212.png,1
data\BUS-CoT\003213.png,1
data\BUS-CoT\003214.png,1
data\BUS-CoT\003215.png,1
data\BUS-CoT\003216.png,1
data\BUS-CoT\003217.png,1
data\BUS-CoT\003218.png,1
data\BUS-CoT\003219.png,1
data\BUS-CoT\003220.png,1
data\BUS-CoT\003221.png,1
data\BUS-CoT\003222.png,1
data\BUS-CoT\003223.png,1
data\BUS-CoT\003224.png,1
data\BUS-CoT\003225.png,1
data\BUS-CoT\003226.png,1
data\BUS-CoT\003227.png,1
data\BUS-CoT\003228.png,1
data\BUS-CoT\003229.png,1
data\BUS-CoT\003230.png,1
data\BUS-CoT\003231.png,1
data\BUS-CoT\003232.png,1
data\BUS-CoT\003233.png,1
data\BUS-CoT\003234.png,1
data\BUS-CoT\003235.png,1
data\BUS-CoT\003236.png,1
data\BUS-CoT\003237.png,1
data\BUS-CoT\003238.png,1
data\BUS-CoT\003239.png,1
data\BUS-CoT\003240.png,1
data\BUS-CoT\003241.png,1
data\BUS-CoT\003242.png,1
data\BUS-CoT\003243.png,1
data\BUS-CoT\003244.png,1
data\BUS-CoT\003245.png,1
data\BUS-CoT\003246.png,1
data\BUS-CoT\003247.png,1
data\BUS-CoT\003248.png,1
data\BUS-CoT\003249.png,1
data\BUS-CoT\003250.png,1
data\BUS-CoT\003251.png,1
data\BUS-CoT\003252.png,1
data\BUS-CoT\003253.png,1
data\BUS-CoT\003254.png,1
data\BUS-CoT\003255.png,1
data\BUS-CoT\003256.png,1
data\BUS-CoT\003257.png,1
data\BUS-CoT\003258.png,1
data\BUS-CoT\003259.png,1
data\BUS-CoT\003260.png,1
data\BUS-CoT\003261.png,1
data\BUS-CoT\003262.png,1
data\BUS-CoT\003263.png,1
data\BUS-CoT\003264.png,1
data\BUS-CoT\003265.png,1
data\BUS-CoT\003266.png,1
data\BUS-CoT\003267.png,1
data\BUS-CoT\003268.png,1
data\BUS-CoT\003269.png,1
data\BUS-CoT\003270.png,1
data\BUS-CoT\003271.png,1
data\BUS-CoT\003272.png,1
data\BUS-CoT\003273.png,1
data\BUS-CoT\003274.png,1
data\BUS-CoT\003275.png,1
data\BUS-CoT\003276.png,1
data\BUS-CoT\003277.png,1
data\BUS-CoT\003278.png,1
data\BUS-CoT\003279.png,1
data\BUS-CoT\003280.png,1
data\BUS-CoT\003281.png,1
data\BUS-CoT\003282.png,1
data\BUS-CoT\003283.png,1
data\BUS-CoT\003284.png,1
data\BUS-CoT\003285.png,1
data\BUS-CoT\003286.png,1
data\BUS-CoT\003287.png,1
data\BUS-CoT\003288.png,1
data\BUS-CoT\003289.png,1
data\BUS-CoT\003290.png,1
data\BUS-CoT\003291.png,1
data\BUS-CoT\003292.png,1
data\BUS-CoT\003293.png,1
data\BUS-CoT\003294.png,1
data\BUS-CoT\003295.png,1
data\BUS-CoT\003296.png,1
data\BUS-CoT\003297.png,1
data\BUS-CoT\003298.png,1
data\BUS-CoT\003299.png,1
data\BUS-CoT\003300.png,1
data\BUS-CoT\003301.png,1
data\BUS-CoT\003302.png,1
data\BUS-CoT\003303.png,1
data\BUS-CoT\003304.png,1
data\BUS-CoT\003305.png,1
data\BUS-CoT\003306.png,1
data\BUS-CoT\003307.png,1
data\BUS-CoT\003309.png,1
data\BUS-CoT\003310.png,1
data\BUS-CoT\003311.png,1
data\BUS-CoT\003312.png,1
data\BUS-CoT\003314.png,1
data\BUS-CoT\003315.png,1
data\BUS-CoT\003316.png,1
data\BUS-CoT\003317.png,1
data\BUS-CoT\003318.png,1
data\BUS-CoT\003319.png,1
data\BUS-CoT\003320.png,1
data\BUS-CoT\003321.png,1
data\BUS-CoT\003322.png,1
data\BUS-CoT\003323.png,1
data\BUS-CoT\003324.png,1
data\BUS-CoT\003325.png,1
data\BUS-CoT\003326.png,1
data\BUS-CoT\003328.png,1
data\BUS-CoT\003329.png,1
data\BUS-CoT\003330.png,1
data\BUS-CoT\003331.png,1
data\BUS-CoT\003332.png,1
data\BUS-CoT\003333.png,1
data\BUS-CoT\003334.png,1
data\BUS-CoT\003335.png,1
data\BUS-CoT\003336.png,1
data\BUS-CoT\003337.png,1
data\BUS-CoT\003338.png,1
data\BUS-CoT\003339.png,1
data\BUS-CoT\003340.png,1
data\BUS-CoT\003341.png,1
data\BUS-CoT\003342.png,1
data\BUS-CoT\003343.png,1
data\BUS-CoT\003344.png,1
data\BUS-CoT\003345.png,1
data\BUS-CoT\003346.png,1
data\BUS-CoT\003347.png,1
data\BUS-CoT\003348.png,1
data\BUS-CoT\003349.png,1
data\BUS-CoT\003351.png,1
data\BUS-CoT\003352.png,1
data\BUS-CoT\003353.png,1
data\BUS-CoT\003354.png,1
data\BUS-CoT\003355.png,1
data\BUS-CoT\003356.png,1
data\BUS-CoT\003357.png,1
data\BUS-CoT\003358.png,1
data\BUS-CoT\003359.png,1
data\BUS-CoT\003360.png,1
data\BUS-CoT\003361.png,1
data\BUS-CoT\003362.png,1
data\BUS-CoT\003363.png,1
data\BUS-CoT\003364.png,1
data\BUS-CoT\003365.png,1
data\BUS-CoT\003366.png,1
data\BUS-CoT\003367.png,1
data\BUS-CoT\003368.png,1
data\BUS-CoT\003369.png,1
data\BUS-CoT\003370.png,1
data\BUS-CoT\003371.png,1
data\BUS-CoT\003372.png,1
data\BUS-CoT\003373.png,1
data\BUS-CoT\003374.png,1
data\BUS-CoT\003375.png,1
data\BUS-CoT\003376.png,1
data\BUS-CoT\003377.png,1
data\BUS-CoT\003378.png,1
data\BUS-CoT\003379.png,1
data\BUS-CoT\003380.png,1
data\BUS-CoT\003381.png,1
data\BUS-CoT\003382.png,1
data\BUS-CoT\003383.png,1
data\BUS-CoT\003384.png,1
data\BUS-CoT\003385.png,1
data\BUS-CoT\003386.png,1
data\BUS-CoT\003387.png,1
data\BUS-CoT\003388.png,1
data\BUS-CoT\003389.png,1
data\BUS-CoT\003391.png,1
data\BUS-CoT\003392.png,1
data\BUS-CoT\003393.png,1
data\BUS-CoT\003394.png,1
data\BUS-CoT\003395.png,1
data\BUS-CoT\003397.png,1
data\BUS-CoT\003398.png,1
data\BUS-CoT\003399.png,1
data\BUS-CoT\003400.png,1
data\BUS-CoT\003401.png,1
data\BUS-CoT\003402.png,1
data\BUS-CoT\003403.png,1
data\BUS-CoT\003404.png,1
data\BUS-CoT\003405.png,1
data\BUS-CoT\003406.png,1
data\BUS-CoT\003407.png,1
data\BUS-CoT\003409.png,1
data\BUS-CoT\003410.png,1
data\BUS-CoT\003411.png,1
data\BUS-CoT\003412.png,1
data\BUS-CoT\003413.png,1
data\BUS-CoT\003414.png,1
data\BUS-CoT\003415.png,1
data\BUS-CoT\003416.png,1
data\BUS-CoT\003417.png,1
data\BUS-CoT\003418.png,1
data\BUS-CoT\003419.png,1
data\BUS-CoT\003421.png,1
data\BUS-CoT\003422.png,1
data\BUS-CoT\003423.png,1
data\BUS-CoT\003424.png,1
data\BUS-CoT\003425.png,1
data\BUS-CoT\003426.png,1
data\BUS-CoT\003428.png,1
data\BUS-CoT\003429.png,1
data\BUS-CoT\003430.png,1
data\BUS-CoT\003431.png,1
data\BUS-CoT\003432.png,1
data\BUS-CoT\003433.png,1
data\BUS-CoT\003434.png,1
data\BUS-CoT\003436.png,1
data\BUS-CoT\003437.png,1
data\BUS-CoT\003438.png,1
data\BUS-CoT\003439.png,1
data\BUS-CoT\003440.png,1
data\BUS-CoT\003441.png,1
data\BUS-CoT\003442.png,1
data\BUS-CoT\003443.png,1
data\BUS-CoT\003444.png,1
data\BUS-CoT\003445.png,1
data\BUS-CoT\003446.png,1
data\BUS-CoT\003447.png,1
data\BUS-CoT\003448.png,1
data\BUS-CoT\003449.png,1
data\BUS-CoT\003450.png,1
data\BUS-CoT\003451.png,1
data\BUS-CoT\003452.png,1
data\BUS-CoT\003453.png,1
data\BUS-CoT\003454.png,1
data\BUS-CoT\003455.png,1
data\BUS-CoT\003456.png,1
data\BUS-CoT\003457.png,1
data\BUS-CoT\003458.png,1
data\BUS-CoT\003459.png,1
data\BUS-CoT\003460.png,1
data\BUS-CoT\003461.png,1
data\BUS-CoT\003462.png,1
data\BUS-CoT\003463.png,1
data\BUS-CoT\003464.png,1
data\BUS-CoT\003465.png,1
data\BUS-CoT\003466.png,1
data\BUS-CoT\003467.png,1
data\BUS-CoT\003468.png,1
data\BUS-CoT\003469.png,1
data\BUS-CoT\003470.png,1
data\BUS-CoT\003471.png,1
data\BUS-CoT\003472.png,1
data\BUS-CoT\003473.png,1
data\BUS-CoT\003474.png,2
data\BUS-CoT\003475.png,2
data\BUS-CoT\003476.png,2
data\BUS-CoT\003477.png,2
data\BUS-CoT\003478.png,2
data\BUS-CoT\003479.png,2
data\BUS-CoT\003480.png,2
data\BUS-CoT\003481.png,2
data\BUS-CoT\003482.png,2
data\BUS-CoT\003483.png,2
data\BUS-CoT\003484.png,2
data\BUS-CoT\003485.png,2
data\BUS-CoT\003486.png,2
data\BUS-CoT\003487.png,2
data\BUS-CoT\003488.png,2
data\BUS-CoT\003489.png,2
data\BUS-CoT\003490.png,2
data\BUS-CoT\003491.png,2
data\BUS-CoT\003492.png,2
data\BUS-CoT\003493.png,2
data\BUS-CoT\003494.png,2
data\BUS-CoT\003495.png,2
data\BUS-CoT\003496.png,2
data\BUS-CoT\003497.png,2
data\BUS-CoT\003498.png,2
data\BUS-CoT\003499.png,2
data\BUS-CoT\003500.png,2
data\BUS-CoT\003501.png,2
data\BUS-CoT\003502.png,2
data\BUS-CoT\003503.png,2
data\BUS-CoT\003504.png,2
data\BUS-CoT\003505.png,2
data\BUS-CoT\003506.png,2
data\BUS-CoT\003507.png,2
data\BUS-CoT\003508.png,2
data\BUS-CoT\003509.png,2
data\BUS-CoT\003510.png,2
data\BUS-CoT\003511.png,2
data\BUS-CoT\003512.png,2
data\BUS-CoT\003513.png,2
data\BUS-CoT\003514.png,2
data\BUS-CoT\003515.png,2
data\BUS-CoT\003516.png,2
data\BUS-CoT\003517.png,2
data\BUS-CoT\003518.png,2
data\BUS-CoT\003519.png,2
data\BUS-CoT\003520.png,2
data\BUS-CoT\003521.png,2
data\BUS-CoT\003522.png,2
data\BUS-CoT\003523.png,2
data\BUS-CoT\003524.png,2
data\BUS-CoT\003525.png,2
data\BUS-CoT\003526.png,2
data\BUS-CoT\003527.png,2
data\BUS-CoT\003528.png,2
data\BUS-CoT\003529.png,2
data\BUS-CoT\003530.png,2
data\BUS-CoT\003531.png,2
data\BUS-CoT\003532.png,2
data\BUS-CoT\003533.png,2
data\BUS-CoT\003534.png,2
data\BUS-CoT\003535.png,2
data\BUS-CoT\003536.png,2
data\BUS-CoT\003537.png,2
data\BUS-CoT\003538.png,2
data\BUS-CoT\003539.png,2
data\BUS-CoT\003540.png,2
data\BUS-CoT\003541.png,2
data\BUS-CoT\003542.png,2
data\BUS-CoT\003543.png,2
data\BUS-CoT\003544.png,2
data\BUS-CoT\003545.png,2
data\BUS-CoT\003546.png,2
data\BUS-CoT\003547.png,2
data\BUS-CoT\003548.png,2
data\BUS-CoT\003549.png,2
data\BUS-CoT\003550.png,2
data\BUS-CoT\003551.png,2
data\BUS-CoT\003552.png,2
data\BUS-CoT\003553.png,2
data\BUS-CoT\003554.png,2
data\BUS-CoT\003555.png,2
data\BUS-CoT\003556.png,2
data\BUS-CoT\003557.png,2
data\BUS-CoT\003558.png,2
data\BUS-CoT\003559.png,2
data\BUS-CoT\003560.png,2
data\BUS-CoT\003561.png,2
data\BUS-CoT\003562.png,2
data\BUS-CoT\003563.png,2
data\BUS-CoT\003564.png,2
data\BUS-CoT\003565.png,2
data\BUS-CoT\003566.png,2
data\BUS-CoT\003567.png,2
data\BUS-CoT\003568.png,2
data\BUS-CoT\003569.png,2
data\BUS-CoT\003570.png,2
data\BUS-CoT\003571.png,2
data\BUS-CoT\003572.png,2
data\BUS-CoT\003573.png,2
data\BUS-CoT\003574.png,2
data\BUS-CoT\003575.png,2
data\BUS-CoT\003576.png,2
data\BUS-CoT\003577.png,2
data\BUS-CoT\003578.png,2
data\BUS-CoT\003579.png,2
data\BUS-CoT\003580.png,2
data\BUS-CoT\003581.png,2
data\BUS-CoT\003582.png,2
data\BUS-CoT\003583.png,2
data\BUS-CoT\003584.png,2
data\BUS-CoT\003585.png,2
data\BUS-CoT\003586.png,2
data\BUS-CoT\003587.png,2
data\BUS-CoT\003588.png,2
data\BUS-CoT\003589.png,2
data\BUS-CoT\003590.png,2
data\BUS-CoT\003591.png,2
data\BUS-CoT\003592.png,2
data\BUS-CoT\003593.png,2
data\BUS-CoT\003594.png,2
data\BUS-CoT\003595.png,2
data\BUS-CoT\003596.png,2
data\BUS-CoT\003597.png,2
data\BUS-CoT\003598.png,2
data\BUS-CoT\003599.png,2
data\BUS-CoT\003600.png,2
data\BUS-CoT\003601.png,2
data\BUS-CoT\003602.png,2
data\BUS-CoT\003603.png,2
data\BUS-CoT\003604.png,2
data\BUS-CoT\003605.png,2
data\BUS-CoT\003606.png,2
data\BUS-CoT\003607.png,2
data\BUS-CoT\003608.png,2
data\BUS-CoT\003609.png,2
data\BUS-CoT\003610.png,2
data\BUS-CoT\003611.png,2
data\BUS-CoT\003612.png,2
data\BUS-CoT\003613.png,2
data\BUS-CoT\003614.png,2
data\BUS-CoT\003615.png,2
data\BUS-CoT\003616.png,2
data\BUS-CoT\003617.png,2
data\BUS-CoT\003618.png,2
data\BUS-CoT\003619.png,2
data\BUS-CoT\003620.png,2
data\BUS-CoT\003621.png,2
data\BUS-CoT\003622.png,2
data\BUS-CoT\003623.png,2
data\BUS-CoT\003624.png,2
data\BUS-CoT\003625.png,2
data\BUS-CoT\003626.png,2
data\BUS-CoT\003627.png,2
data\BUS-CoT\003628.png,2
data\BUS-CoT\003629.png,2
data\BUS-CoT\003630.png,2
data\BUS-CoT\003631.png,2
data\BUS-CoT\003632.png,2
data\BUS-CoT\003633.png,2
data\BUS-CoT\003634.png,2
data\BUS-CoT\003635.png,2
data\BUS-CoT\003636.png,2
data\BUS-CoT\003637.png,2
data\BUS-CoT\003638.png,2
data\BUS-CoT\003639.png,2
data\BUS-CoT\003640.png,2
data\BUS-CoT\003641.png,2
data\BUS-CoT\003642.png,2
data\BUS-CoT\003643.png,2
data\BUS-CoT\003644.png,2
data\BUS-CoT\003645.png,2
data\BUS-CoT\003646.png,2
data\BUS-CoT\003647.png,2
data\BUS-CoT\003648.png,2
data\BUS-CoT\003649.png,2
data\BUS-CoT\003650.png,2
data\BUS-CoT\003651.png,2
data\BUS-CoT\003652.png,2
data\BUS-CoT\003653.png,2
data\BUS-CoT\003654.png,2
data\BUS-CoT\003655.png,2
data\BUS-CoT\003656.png,2
data\BUS-CoT\003657.png,2
data\BUS-CoT\003658.png,2
data\BUS-CoT\003659.png,2
data\BUS-CoT\003660.png,2
data\BUS-CoT\003661.png,2
data\BUS-CoT\003662.png,2
data\BUS-CoT\003663.png,2
data\BUS-CoT\003664.png,2
data\BUS-CoT\003665.png,2
data\BUS-CoT\003666.png,2
data\BUS-CoT\003667.png,2
data\BUS-CoT\003668.png,2
data\BUS-CoT\003669.png,2
data\BUS-CoT\003670.png,2
data\BUS-CoT\003671.png,2
data\BUS-CoT\003672.png,2
data\BUS-CoT\003673.png,2
data\BUS-CoT\003674.png,2
data\BUS-CoT\003675.png,2
data\BUS-CoT\003676.png,2
data\BUS-CoT\003677.png,2
data\BUS-CoT\003678.png,2
data\BUS-CoT\003679.png,2
data\BUS-CoT\003680.png,2
data\BUS-CoT\003681.png,2
data\BUS-CoT\003682.png,2
data\BUS-CoT\003683.png,2
data\BUS-CoT\003684.png,1
data\BUS-CoT\003685.png,1
data\BUS-CoT\003686.png,1
data\BUS-CoT\003687.png,1
data\BUS-CoT\003688.png,1
data\BUS-CoT\003689.png,1
data\BUS-CoT\003690.png,1
data\BUS-CoT\003691.png,1
data\BUS-CoT\003692.png,1
data\BUS-CoT\003693.png,1
data\BUS-CoT\003694.png,1
data\BUS-CoT\003695.png,1
data\BUS-CoT\003696.png,1
data\BUS-CoT\003697.png,1
data\BUS-CoT\003698.png,1
data\BUS-CoT\003699.png,1
data\BUS-CoT\003700.png,1
data\BUS-CoT\003701.png,1
data\BUS-CoT\003702.png,1
data\BUS-CoT\003703.png,1
data\BUS-CoT\003704.png,1
data\BUS-CoT\003705.png,1
data\BUS-CoT\003706.png,1
data\BUS-CoT\003707.png,1
data\BUS-CoT\003708.png,1
data\BUS-CoT\003709.png,1
data\BUS-CoT\003710.png,1
data\BUS-CoT\003711.png,1
data\BUS-CoT\003712.png,1
data\BUS-CoT\003713.png,1
data\BUS-CoT\003714.png,1
data\BUS-CoT\003715.png,1
data\BUS-CoT\003716.png,1
data\BUS-CoT\003717.png,1
data\BUS-CoT\003718.png,1
data\BUS-CoT\003719.png,1
data\BUS-CoT\003720.png,1
data\BUS-CoT\003721.png,1
data\BUS-CoT\003722.png,1
data\BUS-CoT\003723.png,1
data\BUS-CoT\003724.png,1
data\BUS-CoT\003725.png,1
data\BUS-CoT\003726.png,1
data\BUS-CoT\003727.png,1
data\BUS-CoT\003728.png,1
data\BUS-CoT\003729.png,1
data\BUS-CoT\003730.png,1
data\BUS-CoT\003731.png,1
data\BUS-CoT\003732.png,1
data\BUS-CoT\003733.png,1
data\BUS-CoT\003734.png,1
data\BUS-CoT\003735.png,1
data\BUS-CoT\003736.png,1
data\BUS-CoT\003737.png,1
data\BUS-CoT\003738.png,1
data\BUS-CoT\003739.png,1
data\BUS-CoT\003740.png,1
data\BUS-CoT\003741.png,1
data\BUS-CoT\003742.png,1
data\BUS-CoT\003743.png,1
data\BUS-CoT\003744.png,1
data\BUS-CoT\003745.png,1
data\BUS-CoT\003746.png,1
data\BUS-CoT\003747.png,1
data\BUS-CoT\003748.png,1
data\BUS-CoT\003749.png,1
data\BUS-CoT\003750.png,1
data\BUS-CoT\003751.png,1
data\BUS-CoT\003752.png,1
data\BUS-CoT\003753.png,1
data\BUS-CoT\003754.png,1
data\BUS-CoT\003755.png,1
data\BUS-CoT\003756.png,1
data\BUS-CoT\003757.png,1
data\BUS-CoT\003759.png,1
data\BUS-CoT\003760.png,1
data\BUS-CoT\003761.png,1
data\BUS-CoT\003762.png,1
data\BUS-CoT\003763.png,1
data\BUS-CoT\003764.png,1
data\BUS-CoT\003765.png,1
data\BUS-CoT\003766.png,1
data\BUS-CoT\003767.png,1
data\BUS-CoT\003768.png,1
data\BUS-CoT\003769.png,1
data\BUS-CoT\003770.png,1
data\BUS-CoT\003771.png,1
data\BUS-CoT\003772.png,1
data\BUS-CoT\003773.png,1
data\BUS-CoT\003774.png,1
data\BUS-CoT\003775.png,1
data\BUS-CoT\003776.png,1
data\BUS-CoT\003777.png,1
data\BUS-CoT\003778.png,1
data\BUS-CoT\003779.png,1
data\BUS-CoT\003780.png,1
data\BUS-CoT\003781.png,1
data\BUS-CoT\003782.png,1
data\BUS-CoT\003783.png,1
data\BUS-CoT\003784.png,1
data\BUS-CoT\003785.png,1
data\BUS-CoT\003786.png,1
data\BUS-CoT\003787.png,1
data\BUS-CoT\003788.png,1
data\BUS-CoT\003789.png,1
data\BUS-CoT\003790.png,1
data\BUS-CoT\003791.png,1
data\BUS-CoT\003792.png,1
data\BUS-CoT\003793.png,1
data\BUS-CoT\003794.png,1
data\BUS-CoT\003795.png,1
data\BUS-CoT\003796.png,1
data\BUS-CoT\003797.png,1
data\BUS-CoT\003798.png,1
data\BUS-CoT\003799.png,1
data\BUS-CoT\003800.png,1
data\BUS-CoT\003801.png,1
data\BUS-CoT\003802.png,1
data\BUS-CoT\003803.png,1
data\BUS-CoT\003804.png,1
data\BUS-CoT\003805.png,1
data\BUS-CoT\003806.png,1
data\BUS-CoT\003807.png,1
data\BUS-CoT\003808.png,1
data\BUS-CoT\003809.png,1
data\BUS-CoT\003810.png,1
data\BUS-CoT\003811.png,1
data\BUS-CoT\003812.png,1
data\BUS-CoT\003813.png,1
data\BUS-CoT\003814.png,1
data\BUS-CoT\003815.png,1
data\BUS-CoT\003816.png,1
data\BUS-CoT\003817.png,1
data\BUS-CoT\003818.png,1
data\BUS-CoT\003819.png,1
data\BUS-CoT\003820.png,1
data\BUS-CoT\003821.png,1
data\BUS-CoT\003822.png,1
data\BUS-CoT\003823.png,1
data\BUS-CoT\003824.png,1
data\BUS-CoT\003825.png,1
data\BUS-CoT\003826.png,1
data\BUS-CoT\003827.png,1
data\BUS-CoT\003828.png,1
data\BUS-CoT\003830.png,1
data\BUS-CoT\003831.png,1
data\BUS-CoT\003832.png,1
data\BUS-CoT\003833.png,1
data\BUS-CoT\003834.png,1
data\BUS-CoT\003835.png,1
data\BUS-CoT\003836.png,1
data\BUS-CoT\003837.png,1
data\BUS-CoT\003838.png,1
data\BUS-CoT\003839.png,1
data\BUS-CoT\003840.png,1
data\BUS-CoT\003841.png,1
data\BUS-CoT\003842.png,1
data\BUS-CoT\003843.png,1
data\BUS-CoT\003844.png,1
data\BUS-CoT\003845.png,1
data\BUS-CoT\003846.png,1
data\BUS-CoT\003847.png,1
data\BUS-CoT\003848.png,1
data\BUS-CoT\003849.png,1
data\BUS-CoT\003850.png,1
data\BUS-CoT\003851.png,1
data\BUS-CoT\003852.png,1
data\BUS-CoT\003853.png,1
data\BUS-CoT\003854.png,1
data\BUS-CoT\003855.png,1
data\BUS-CoT\003856.png,1
data\BUS-CoT\003857.png,1
data\BUS-CoT\003858.png,1
data\BUS-CoT\003859.png,1
data\BUS-CoT\003860.png,1
data\BUS-CoT\003861.png,1
data\BUS-CoT\003862.png,1
data\BUS-CoT\003863.png,1
data\BUS-CoT\003864.png,1
data\BUS-CoT\003865.png,1
data\BUS-CoT\003866.png,1
data\BUS-CoT\003867.png,1
data\BUS-CoT\003868.png,1
data\BUS-CoT\003869.png,1
data\BUS-CoT\003870.png,1
data\BUS-CoT\003871.png,1
data\BUS-CoT\003872.png,1
data\BUS-CoT\003873.png,1
data\BUS-CoT\003874.png,1
data\BUS-CoT\003875.png,1
data\BUS-CoT\003876.png,1
data\BUS-CoT\003877.png,1
data\BUS-CoT\003878.png,1
data\BUS-CoT\003879.png,1
data\BUS-CoT\003880.png,1
data\BUS-CoT\003881.png,1
data\BUS-CoT\003882.png,1
data\BUS-CoT\003883.png,1
data\BUS-CoT\003884.png,1
data\BUS-CoT\003885.png,1
data\BUS-CoT\003886.png,1
data\BUS-CoT\003887.png,1
data\BUS-CoT\003888.png,1
data\BUS-CoT\003889.png,1
data\BUS-CoT\003890.png,1
data\BUS-CoT\003891.png,1
data\BUS-CoT\003892.png,1
data\BUS-CoT\003893.png,1
data\BUS-CoT\003894.png,1
data\BUS-CoT\003895.png,1
data\BUS-CoT\003896.png,1
data\BUS-CoT\003897.png,1
data\BUS-CoT\003898.png,1
data\BUS-CoT\003899.png,1
data\BUS-CoT\003900.png,1
data\BUS-CoT\003901.png,1
data\BUS-CoT\003902.png,1
data\BUS-CoT\003903.png,1
data\BUS-CoT\003904.png,1
data\BUS-CoT\003905.png,1
data\BUS-CoT\003906.png,1
data\BUS-CoT\003907.png,1
data\BUS-CoT\003908.png,1
data\BUS-CoT\003909.png,1
data\BUS-CoT\003910.png,1
data\BUS-CoT\003911.png,1
data\BUS-CoT\003912.png,1
data\BUS-CoT\003913.png,1
data\BUS-CoT\003914.png,1
data\BUS-CoT\003915.png,1
data\BUS-CoT\003916.png,1
data\BUS-CoT\003917.png,1
data\BUS-CoT\003918.png,1
data\BUS-CoT\003919.png,1
data\BUS-CoT\003920.png,1
data\BUS-CoT\003921.png,1
data\BUS-CoT\003922.png,1
data\BUS-CoT\003923.png,1
data\BUS-CoT\003924.png,1
data\BUS-CoT\003925.png,1
data\BUS-CoT\003926.png,1
data\BUS-CoT\003927.png,1
data\BUS-CoT\003928.png,1
data\BUS-CoT\003929.png,1
data\BUS-CoT\003930.png,1
data\BUS-CoT\003931.png,1
data\BUS-CoT\003933.png,1
data\BUS-CoT\003934.png,1
data\BUS-CoT\003935.png,1
data\BUS-CoT\003936.png,1
data\BUS-CoT\003937.png,1
data\BUS-CoT\003938.png,1
data\BUS-CoT\003939.png,1
data\BUS-CoT\003940.png,1
data\BUS-CoT\003941.png,1
data\BUS-CoT\003942.png,1
data\BUS-CoT\003943.png,1
data\BUS-CoT\003944.png,1
data\BUS-CoT\003945.png,1
data\BUS-CoT\003946.png,1
data\BUS-CoT\003947.png,1
data\BUS-CoT\003948.png,1
data\BUS-CoT\003949.png,1
data\BUS-CoT\003950.png,1
data\BUS-CoT\003951.png,1
data\BUS-CoT\003952.png,1
data\BUS-CoT\003953.png,1
data\BUS-CoT\003954.png,1
data\BUS-CoT\003955.png,1
data\BUS-CoT\003956.png,1
data\BUS-CoT\003957.png,1
data\BUS-CoT\003958.png,1
data\BUS-CoT\003959.png,1
data\BUS-CoT\003960.png,1
data\BUS-CoT\003961.png,1
data\BUS-CoT\003962.png,1
data\BUS-CoT\003963.png,1
data\BUS-CoT\003965.png,1
data\BUS-CoT\003966.png,1
data\BUS-CoT\003967.png,1
data\BUS-CoT\003968.png,1
data\BUS-CoT\003969.png,1
data\BUS-CoT\003970.png,1
data\BUS-CoT\003971.png,1
data\BUS-CoT\003972.png,1
data\BUS-CoT\003973.png,1
data\BUS-CoT\003974.png,1
data\BUS-CoT\003975.png,1
data\BUS-CoT\003976.png,1
data\BUS-CoT\003977.png,1
data\BUS-CoT\003978.png,1
data\BUS-CoT\003979.png,1
data\BUS-CoT\003980.png,1
data\BUS-CoT\003981.png,1
data\BUS-CoT\003982.png,1
data\BUS-CoT\003984.png,1
data\BUS-CoT\003985.png,1
data\BUS-CoT\003986.png,1
data\BUS-CoT\003987.png,1
data\BUS-CoT\003988.png,1
data\BUS-CoT\003989.png,1
data\BUS-CoT\003990.png,1
data\BUS-CoT\003991.png,1
data\BUS-CoT\003992.png,1
data\BUS-CoT\003993.png,1
data\BUS-CoT\003994.png,1
data\BUS-CoT\003995.png,1
data\BUS-CoT\003996.png,1
data\BUS-CoT\003997.png,1
data\BUS-CoT\003998.png,1
data\BUS-CoT\003999.png,1
data\BUS-CoT\004000.png,1
data\BUS-CoT\004001.png,1
data\BUS-CoT\004002.png,1
data\BUS-CoT\004003.png,1
data\BUS-CoT\004004.png,1
data\BUS-CoT\004005.png,1
data\BUS-CoT\004006.png,1
data\BUS-CoT\004007.png,1
data\BUS-CoT\004008.png,1
data\BUS-CoT\004009.png,1
data\BUS-CoT\004010.png,1
data\BUS-CoT\004011.png,1
data\BUS-CoT\004016.png,1
data\BUS-CoT\004017.png,1
data\BUS-CoT\004018.png,1
data\BUS-CoT\004019.png,1
data\BUS-CoT\004021.png,1
data\BUS-CoT\004022.png,1
data\BUS-CoT\004023.png,1
data\BUS-CoT\004024.png,1
data\BUS-CoT\004025.png,1
data\BUS-CoT\004026.png,1
data\BUS-CoT\004028.png,1
data\BUS-CoT\004029.png,1
data\BUS-CoT\004030.png,1
data\BUS-CoT\004031.png,1
data\BUS-CoT\004032.png,1
data\BUS-CoT\004033.png,1
data\BUS-CoT\004034.png,1
data\BUS-CoT\004035.png,1
data\BUS-CoT\004036.png,1
data\BUS-CoT\004037.png,1
data\BUS-CoT\004038.png,1
data\BUS-CoT\004039.png,1
data\BUS-CoT\004040.png,1
data\BUS-CoT\004041.png,1
data\BUS-CoT\004042.png,1
data\BUS-CoT\004043.png,1
data\BUS-CoT\004044.png,1
data\BUS-CoT\004045.png,1
data\BUS-CoT\004046.png,1
data\BUS-CoT\004047.png,1
data\BUS-CoT\004048.png,1
data\BUS-CoT\004049.png,1
data\BUS-CoT\004050.png,1
data\BUS-CoT\004051.png,1
data\BUS-CoT\004052.png,1
data\BUS-CoT\004053.png,1
data\BUS-CoT\004054.png,1
data\BUS-CoT\004055.png,1
data\BUS-CoT\004056.png,1
data\BUS-CoT\004057.png,1
data\BUS-CoT\004058.png,1
data\BUS-CoT\004059.png,1
data\BUS-CoT\004060.png,1
data\BUS-CoT\004061.png,1
data\BUS-CoT\004062.png,1
data\BUS-CoT\004063.png,1
data\BUS-CoT\004064.png,1
data\BUS-CoT\004065.png,1
data\BUS-CoT\004066.png,1
data\BUS-CoT\004067.png,1
data\BUS-CoT\004068.png,1
data\BUS-CoT\004069.png,1
data\BUS-CoT\004070.png,1
data\BUS-CoT\004071.png,1
data\BUS-CoT\004072.png,1
data\BUS-CoT\004073.png,1
data\BUS-CoT\004074.png,1
data\BUS-CoT\004075.png,1
data\BUS-CoT\004076.png,1
data\BUS-CoT\004077.png,1
data\BUS-CoT\004078.png,1
data\BUS-CoT\004079.png,1
data\BUS-CoT\004080.png,1
data\BUS-CoT\004081.png,1
data\BUS-CoT\004082.png,1
data\BUS-CoT\004083.png,1
data\BUS-CoT\004084.png,1
data\BUS-CoT\004085.png,1
data\BUS-CoT\004086.png,1
data\BUS-CoT\004087.png,1
data\BUS-CoT\004088.png,1
data\BUS-CoT\004089.png,1
data\BUS-CoT\004090.png,1
data\BUS-CoT\004091.png,1
data\BUS-CoT\004092.png,1
data\BUS-CoT\004093.png,1
data\BUS-CoT\004094.png,1
data\BUS-CoT\004095.png,1
data\BUS-CoT\004096.png,1
data\BUS-CoT\004097.png,1
data\BUS-CoT\004098.png,1
data\BUS-CoT\004099.png,1
data\BUS-CoT\004100.png,1
data\BUS-CoT\004101.png,1
data\BUS-CoT\004102.png,1
data\BUS-CoT\004103.png,1
data\BUS-CoT\004104.png,1
data\BUS-CoT\004105.png,1
data\BUS-CoT\004106.png,1
data\BUS-CoT\004107.png,1
data\BUS-CoT\004108.png,1
data\BUS-CoT\004109.png,1
data\BUS-CoT\004110.png,1
data\BUS-CoT\004111.png,1
data\BUS-CoT\004112.png,1
data\BUS-CoT\004113.png,1
data\BUS-CoT\004114.png,1
data\BUS-CoT\004115.png,1
data\BUS-CoT\004116.png,1
data\BUS-CoT\004117.png,1
data\BUS-CoT\004118.png,1
data\BUS-CoT\004119.png,1
data\BUS-CoT\004120.png,1
data\BUS-CoT\004121.png,1
data\BUS-CoT\004122.png,1
data\BUS-CoT\004123.png,1
data\BUS-CoT\004124.png,1
data\BUS-CoT\004125.png,1
data\BUS-CoT\004126.png,1
data\BUS-CoT\004127.png,1
data\BUS-CoT\004128.png,1
data\BUS-CoT\004129.png,1
data\BUS-CoT\004130.png,1
data\BUS-CoT\004131.png,1
data\BUS-CoT\004132.png,1
data\BUS-CoT\004133.png,1
data\BUS-CoT\004134.png,1
data\BUS-CoT\004135.png,1
data\BUS-CoT\004136.png,1
data\BUS-CoT\004137.png,1
data\BUS-CoT\004138.png,1
data\BUS-CoT\004139.png,1
data\BUS-CoT\004140.png,1
data\BUS-CoT\004141.png,1
data\BUS-CoT\004142.png,1
data\BUS-CoT\004143.png,1
data\BUS-CoT\004144.png,1
data\BUS-CoT\004145.png,1
data\BUS-CoT\004146.png,1
data\BUS-CoT\004147.png,1
data\BUS-CoT\004148.png,1
data\BUS-CoT\004149.png,1
data\BUS-CoT\004150.png,1
data\BUS-CoT\004151.png,1
data\BUS-CoT\004152.png,1
data\BUS-CoT\004153.png,1
data\BUS-CoT\004154.png,1
data\BUS-CoT\004155.png,1
data\BUS-CoT\004156.png,1
data\BUS-CoT\004157.png,1
data\BUS-CoT\004158.png,1
data\BUS-CoT\004159.png,1
data\BUS-CoT\004160.png,1
data\BUS-CoT\004161.png,1
data\BUS-CoT\004162.png,1
data\BUS-CoT\004163.png,1
data\BUS-CoT\004164.png,1
data\BUS-CoT\004165.png,1
data\BUS-CoT\004166.png,1
data\BUS-CoT\004167.png,1
data\BUS-CoT\004168.png,1
data\BUS-CoT\004169.png,1
data\BUS-CoT\004170.png,1
data\BUS-CoT\004171.png,1
data\BUS-CoT\004172.png,1
data\BUS-CoT\004173.png,1
data\BUS-CoT\004174.png,1
data\BUS-CoT\004175.png,1
data\BUS-CoT\004176.png,1
data\BUS-CoT\004177.png,1
data\BUS-CoT\004178.png,1
data\BUS-CoT\004179.png,1
data\BUS-CoT\004180.png,1
data\BUS-CoT\004181.png,1
data\BUS-CoT\004182.png,1
data\BUS-CoT\004184.png,1
data\BUS-CoT\004185.png,1
data\BUS-CoT\004186.png,1
data\BUS-CoT\004187.png,1
data\BUS-CoT\004188.png,1
data\BUS-CoT\004189.png,1
data\BUS-CoT\004190.png,1
data\BUS-CoT\004191.png,1
data\BUS-CoT\004192.png,1
data\BUS-CoT\004193.png,1
data\BUS-CoT\004194.png,1
data\BUS-CoT\004195.png,1
data\BUS-CoT\004196.png,1
data\BUS-CoT\004197.png,1
data\BUS-CoT\004198.png,1
data\BUS-CoT\004199.png,1
data\BUS-CoT\004200.png,1
data\BUS-CoT\004201.png,1
data\BUS-CoT\004202.png,1
data\BUS-CoT\004203.png,1
data\BUS-CoT\004204.png,1
data\BUS-CoT\004205.png,1
data\BUS-CoT\004206.png,1
data\BUS-CoT\004207.png,1
data\BUS-CoT\004208.png,1
data\BUS-CoT\004209.png,1
data\BUS-CoT\004210.png,1
data\BUS-CoT\004211.png,1
data\BUS-CoT\004212.png,1
data\BUS-CoT\004213.png,1
data\BUS-CoT\004214.png,1
data\BUS-CoT\004215.png,1
data\BUS-CoT\004216.png,1
data\BUS-CoT\004217.png,1
data\BUS-CoT\004218.png,1
data\BUS-CoT\004219.png,1
data\BUS-CoT\004220.png,1
data\BUS-CoT\004221.png,1
data\BUS-CoT\004222.png,1
data\BUS-CoT\004223.png,1
data\BUS-CoT\004224.png,1
data\BUS-CoT\004225.png,1
data\BUS-CoT\004226.png,1
data\BUS-CoT\004227.png,1
data\BUS-CoT\004228.png,1
data\BUS-CoT\004229.png,1
data\BUS-CoT\004231.png,1
data\BUS-CoT\004232.png,1
data\BUS-CoT\004233.png,1
data\BUS-CoT\004234.png,1
data\BUS-CoT\004235.png,1
data\BUS-CoT\004236.png,1
data\BUS-CoT\004237.png,1
data\BUS-CoT\004238.png,1
data\BUS-CoT\004239.png,1
data\BUS-CoT\004240.png,1
data\BUS-CoT\004241.png,1
data\BUS-CoT\004242.png,1
data\BUS-CoT\004243.png,1
data\BUS-CoT\004244.png,1
data\BUS-CoT\004245.png,1
data\BUS-CoT\004246.png,1
data\BUS-CoT\004247.png,1
data\BUS-CoT\004248.png,1
data\BUS-CoT\004249.png,1
data\BUS-CoT\004250.png,1
data\BUS-CoT\004251.png,1
data\BUS-CoT\004252.png,1
data\BUS-CoT\004253.png,1
data\BUS-CoT\004254.png,1
data\BUS-CoT\004255.png,1
data\BUS-CoT\004256.png,1
data\BUS-CoT\004257.png,1
data\BUS-CoT\004259.png,1
data\BUS-CoT\004260.png,1
data\BUS-CoT\004261.png,1
data\BUS-CoT\004262.png,1
data\BUS-CoT\004263.png,1
data\BUS-CoT\004264.png,1
data\BUS-CoT\004266.png,1
data\BUS-CoT\004267.png,1
data\BUS-CoT\004268.png,1
data\BUS-CoT\004269.png,1
data\BUS-CoT\004270.png,1
data\BUS-CoT\004271.png,1
data\BUS-CoT\004272.png,1
data\BUS-CoT\004273.png,1
data\BUS-CoT\004274.png,1
data\BUS-CoT\004275.png,1
data\BUS-CoT\004276.png,1
data\BUS-CoT\004277.png,1
data\BUS-CoT\004279.png,1
data\BUS-CoT\004280.png,1
data\BUS-CoT\004281.png,1
data\BUS-CoT\004282.png,1
data\BUS-CoT\004283.png,1
data\BUS-CoT\004284.png,1
data\BUS-CoT\004285.png,1
data\BUS-CoT\004286.png,1
data\BUS-CoT\004287.png,1
data\BUS-CoT\004288.png,1
data\BUS-CoT\004290.png,1
data\BUS-CoT\004291.png,1
data\BUS-CoT\004292.png,1
data\BUS-CoT\004293.png,1
data\BUS-CoT\004294.png,1
data\BUS-CoT\004295.png,1
data\BUS-CoT\004296.png,1
data\BUS-CoT\004297.png,1
data\BUS-CoT\004298.png,1
data\BUS-CoT\004299.png,1
data\BUS-CoT\004300.png,1
data\BUS-CoT\004301.png,1
data\BUS-CoT\004302.png,1
data\BUS-CoT\004303.png,1
data\BUS-CoT\004305.png,1
data\BUS-CoT\004306.png,1
data\BUS-CoT\004307.png,1
data\BUS-CoT\004308.png,1
data\BUS-CoT\004309.png,1
data\BUS-CoT\004310.png,1
data\BUS-CoT\004311.png,1
data\BUS-CoT\004312.png,1
data\BUS-CoT\004313.png,1
data\BUS-CoT\004314.png,1
data\BUS-CoT\004315.png,1
data\BUS-CoT\004316.png,1
data\BUS-CoT\004317.png,1
data\BUS-CoT\004319.png,1
data\BUS-CoT\004320.png,1
data\BUS-CoT\004322.png,1
data\BUS-CoT\004324.png,1
data\BUS-CoT\004325.png,1
data\BUS-CoT\004326.png,1
data\BUS-CoT\004327.png,1
data\BUS-CoT\004328.png,1
data\BUS-CoT\004329.png,1
data\BUS-CoT\004330.png,1
data\BUS-CoT\004331.png,1
data\BUS-CoT\004332.png,1
data\BUS-CoT\004333.png,1
data\BUS-CoT\004334.png,1
data\BUS-CoT\004335.png,1
data\BUS-CoT\004336.png,1
data\BUS-CoT\004337.png,1
data\BUS-CoT\004338.png,1
data\BUS-CoT\004339.png,1
data\BUS-CoT\004340.png,1
data\BUS-CoT\004341.png,1
data\BUS-CoT\004342.png,1
data\BUS-CoT\004343.png,1
data\BUS-CoT\004344.png,1
data\BUS-CoT\004345.png,1
data\BUS-CoT\004346.png,1
data\BUS-CoT\004347.png,1
data\BUS-CoT\004348.png,1
data\BUS-CoT\004349.png,1
data\BUS-CoT\004350.png,1
data\BUS-CoT\004351.png,1
data\BUS-CoT\004352.png,1
data\BUS-CoT\004353.png,1
data\BUS-CoT\004354.png,1
data\BUS-CoT\004355.png,1
data\BUS-CoT\004356.png,1
data\BUS-CoT\004357.png,1
data\BUS-CoT\004358.png,1
data\BUS-CoT\004359.png,1
data\BUS-CoT\004360.png,1
data\BUS-CoT\004361.png,1
data\BUS-CoT\004362.png,1
data\BUS-CoT\004363.png,1
data\BUS-CoT\004364.png,1
data\BUS-CoT\004365.png,1
data\BUS-CoT\004366.png,1
data\BUS-CoT\004367.png,1
data\BUS-CoT\004368.png,1
data\BUS-CoT\004369.png,1
data\BUS-CoT\004370.png,1
data\BUS-CoT\004371.png,1
data\BUS-CoT\004372.png,1
data\BUS-CoT\004373.png,1
data\BUS-CoT\004374.png,1
data\BUS-CoT\004375.png,1
data\BUS-CoT\004376.png,1
data\BUS-CoT\004377.png,1
data\BUS-CoT\004378.png,1
data\BUS-CoT\004379.png,1
data\BUS-CoT\004380.png,1
data\BUS-CoT\004381.png,1
data\BUS-CoT\004382.png,1
data\BUS-CoT\004383.png,1
data\BUS-CoT\004384.png,1
data\BUS-CoT\004385.png,1
data\BUS-CoT\004386.png,1
data\BUS-CoT\004387.png,1
data\BUS-CoT\004388.png,1
data\BUS-CoT\004389.png,1
data\BUS-CoT\004390.png,1
data\BUS-CoT\004391.png,1
data\BUS-CoT\004392.png,1
data\BUS-CoT\004393.png,1
data\BUS-CoT\004394.png,1
data\BUS-CoT\004395.png,1
data\BUS-CoT\004396.png,1
data\BUS-CoT\004397.png,1
data\BUS-CoT\004398.png,1
data\BUS-CoT\004399.png,1
data\BUS-CoT\004400.png,1
data\BUS-CoT\004401.png,1
data\BUS-CoT\004402.png,1
data\BUS-CoT\004403.png,1
data\BUS-CoT\004404.png,1
data\BUS-CoT\004405.png,1
data\BUS-CoT\004406.png,1
data\BUS-CoT\004407.png,1
data\BUS-CoT\004408.png,1
data\BUS-CoT\004409.png,1
data\BUS-CoT\004410.png,1
data\BUS-CoT\004411.png,1
data\BUS-CoT\004412.png,1
data\BUS-CoT\004413.png,1
data\BUS-CoT\004414.png,1
data\BUS-CoT\004415.png,1
data\BUS-CoT\004416.png,1
data\BUS-CoT\004417.png,1
data\BUS-CoT\004418.png,1
data\BUS-CoT\004419.png,1
data\BUS-CoT\004420.png,1
data\BUS-CoT\004421.png,1
data\BUS-CoT\004422.png,1
data\BUS-CoT\004423.png,1
data\BUS-CoT\004424.png,1
data\BUS-CoT\004425.png,1
data\BUS-CoT\004426.png,1
data\BUS-CoT\004427.png,1
data\BUS-CoT\004428.png,1
data\BUS-CoT\004429.png,1
data\BUS-CoT\004430.png,1
data\BUS-CoT\004431.png,1
data\BUS-CoT\004432.png,1
data\BUS-CoT\004433.png,1
data\BUS-CoT\004434.png,1
data\BUS-CoT\004435.png,1
data\BUS-CoT\004436.png,1
data\BUS-CoT\004437.png,1
data\BUS-CoT\004438.png,1
data\BUS-CoT\004439.png,1
data\BUS-CoT\004440.png,1
data\BUS-CoT\004441.png,1
data\BUS-CoT\004442.png,1
data\BUS-CoT\004443.png,1
data\BUS-CoT\004444.png,1
data\BUS-CoT\004445.png,1
data\BUS-CoT\004446.png,1
data\BUS-CoT\004447.png,1
data\BUS-CoT\004448.png,1
data\BUS-CoT\004449.png,1
data\BUS-CoT\004450.png,1
data\BUS-CoT\004451.png,1
data\BUS-CoT\004452.png,1
data\BUS-CoT\004453.png,1
data\BUS-CoT\004454.png,1
data\BUS-CoT\004455.png,1
data\BUS-CoT\004456.png,1
data\BUS-CoT\004457.png,1
data\BUS-CoT\004458.png,1
data\BUS-CoT\004459.png,1
data\BUS-CoT\004460.png,1
data\BUS-CoT\004461.png,1
data\BUS-CoT\004462.png,1
data\BUS-CoT\004463.png,1
data\BUS-CoT\004464.png,1
data\BUS-CoT\004465.png,1
data\BUS-CoT\004466.png,1
data\BUS-CoT\004467.png,1
data\BUS-CoT\004468.png,1
data\BUS-CoT\004469.png,1
data\BUS-CoT\004470.png,1
data\BUS-CoT\004471.png,1
data\BUS-CoT\004472.png,1
data\BUS-CoT\004473.png,1
data\BUS-CoT\004474.png,1
data\BUS-CoT\004475.png,1
data\BUS-CoT\004476.png,1
data\BUS-CoT\004477.png,1
data\BUS-CoT\004478.png,1
data\BUS-CoT\004479.png,1
data\BUS-CoT\004480.png,1
data\BUS-CoT\004481.png,1
data\BUS-CoT\004482.png,1
data\BUS-CoT\004483.png,1
data\BUS-CoT\004484.png,1
data\BUS-CoT\004485.png,1
data\BUS-CoT\004486.png,1
data\BUS-CoT\004487.png,1
data\BUS-CoT\004488.png,1
data\BUS-CoT\004489.png,1
data\BUS-CoT\004490.png,1
data\BUS-CoT\004491.png,1
data\BUS-CoT\004492.png,1
data\BUS-CoT\004493.png,1
data\BUS-CoT\004494.png,1
data\BUS-CoT\004495.png,1
data\BUS-CoT\004496.png,1
data\BUS-CoT\004497.png,1
data\BUS-CoT\004498.png,1
data\BUS-CoT\004499.png,1
data\BUS-CoT\004500.png,1
data\BUS-CoT\004501.png,1
data\BUS-CoT\004502.png,1
data\BUS-CoT\004503.png,1
data\BUS-CoT\004504.png,1
data\BUS-CoT\004505.png,1
data\BUS-CoT\004506.png,1
data\BUS-CoT\004507.png,1
data\BUS-CoT\004508.png,1
data\BUS-CoT\004509.png,1
data\BUS-CoT\004510.png,1
data\BUS-CoT\004511.png,1
data\BUS-CoT\004512.png,1
data\BUS-CoT\004513.png,1
data\BUS-CoT\004514.png,1
data\BUS-CoT\004515.png,1
data\BUS-CoT\004516.png,1
data\BUS-CoT\004517.png,1
data\BUS-CoT\004518.png,1
data\BUS-CoT\004519.png,1
data\BUS-CoT\004520.png,1
data\BUS-CoT\004521.png,1
data\BUS-CoT\004522.png,1
data\BUS-CoT\004523.png,1
data\BUS-CoT\004524.png,1
data\BUS-CoT\004525.png,1
data\BUS-CoT\004526.png,1
data\BUS-CoT\004527.png,1
data\BUS-CoT\004528.png,1
data\BUS-CoT\004529.png,1
data\BUS-CoT\004530.png,1
data\BUS-CoT\004531.png,1
data\BUS-CoT\004532.png,1
data\BUS-CoT\004533.png,1
data\BUS-CoT\004534.png,1
data\BUS-CoT\004535.png,1
data\BUS-CoT\004536.png,1
data\BUS-CoT\004537.png,1
data\BUS-CoT\004538.png,1
data\BUS-CoT\004539.png,1
data\BUS-CoT\004540.png,1
data\BUS-CoT\004541.png,1
data\BUS-CoT\004542.png,1
data\BUS-CoT\004544.png,1
data\BUS-CoT\004545.png,1
data\BUS-CoT\004546.png,1
data\BUS-CoT\004547.png,1
data\BUS-CoT\004548.png,1
data\BUS-CoT\004549.png,1
data\BUS-CoT\004550.png,1
data\BUS-CoT\004551.png,1
data\BUS-CoT\004552.png,1
data\BUS-CoT\004553.png,1
data\BUS-CoT\004554.png,1
data\BUS-CoT\004555.png,1
data\BUS-CoT\004556.png,1
data\BUS-CoT\004558.png,1
data\BUS-CoT\004559.png,1
data\BUS-CoT\004560.png,1
data\BUS-CoT\004561.png,1
data\BUS-CoT\004562.png,1
data\BUS-CoT\004563.png,1
data\BUS-CoT\004564.png,1
data\BUS-CoT\004565.png,1
data\BUS-CoT\004566.png,1
data\BUS-CoT\004567.png,1
data\BUS-CoT\004568.png,1
data\BUS-CoT\004569.png,1
data\BUS-CoT\004570.png,1
data\BUS-CoT\004571.png,1
data\BUS-CoT\004572.png,1
data\BUS-CoT\004573.png,1
data\BUS-CoT\004574.png,1
data\BUS-CoT\004575.png,1
data\BUS-CoT\004576.png,1
data\BUS-CoT\004577.png,1
data\BUS-CoT\004578.png,1
data\BUS-CoT\004579.png,1
data\BUS-CoT\004580.png,1
data\BUS-CoT\004581.png,1
data\BUS-CoT\004582.png,1
data\BUS-CoT\004583.png,1
data\BUS-CoT\004584.png,1
data\BUS-CoT\004585.png,1
data\BUS-CoT\004586.png,1
data\BUS-CoT\004587.png,1
data\BUS-CoT\004588.png,1
data\BUS-CoT\004589.png,1
data\BUS-CoT\004590.png,1
data\BUS-CoT\004591.png,1
data\BUS-CoT\004592.png,1
data\BUS-CoT\004593.png,1
data\BUS-CoT\004594.png,1
data\BUS-CoT\004595.png,1
data\BUS-CoT\004596.png,1
data\BUS-CoT\004597.png,1
data\BUS-CoT\004598.png,1
data\BUS-CoT\004599.png,1
data\BUS-CoT\004601.png,1
data\BUS-CoT\004602.png,1
data\BUS-CoT\004603.png,1
data\BUS-CoT\004604.png,1
data\BUS-CoT\004605.png,1
data\BUS-CoT\004606.png,1
data\BUS-CoT\004607.png,1
data\BUS-CoT\004608.png,1
data\BUS-CoT\004609.png,1
data\BUS-CoT\004610.png,1
data\BUS-CoT\004611.png,1
data\BUS-CoT\004612.png,1
data\BUS-CoT\004613.png,1
data\BUS-CoT\004614.png,1
data\BUS-CoT\004615.png,1
data\BUS-CoT\004616.png,1
data\BUS-CoT\004617.png,1
data\BUS-CoT\004618.png,1
data\BUS-CoT\004619.png,1
data\BUS-CoT\004620.png,1
data\BUS-CoT\004621.png,1
data\BUS-CoT\004622.png,1
data\BUS-CoT\004623.png,1
data\BUS-CoT\004624.png,1
data\BUS-CoT\004625.png,1
data\BUS-CoT\004626.png,1
data\BUS-CoT\004627.png,1
data\BUS-CoT\004628.png,1
data\BUS-CoT\004629.png,1
data\BUS-CoT\004630.png,1
data\BUS-CoT\004631.png,1
data\BUS-CoT\004632.png,1
data\BUS-CoT\004633.png,1
data\BUS-CoT\004634.png,1
data\BUS-CoT\004635.png,1
data\BUS-CoT\004636.png,1
data\BUS-CoT\004637.png,1
data\BUS-CoT\004638.png,1
data\BUS-CoT\004639.png,1
data\BUS-CoT\004640.png,1
data\BUS-CoT\004641.png,1
data\BUS-CoT\004642.png,1
data\BUS-CoT\004643.png,1
data\BUS-CoT\004644.png,1
data\BUS-CoT\004645.png,1
data\BUS-CoT\004646.png,1
data\BUS-CoT\004647.png,1
data\BUS-CoT\004648.png,1
data\BUS-CoT\004649.png,1
data\BUS-CoT\004650.png,1
data\BUS-CoT\004651.png,1
data\BUS-CoT\004652.png,1
data\BUS-CoT\004653.png,1
data\BUS-CoT\004654.png,1
data\BUS-CoT\004655.png,1
data\BUS-CoT\004656.png,1
data\BUS-CoT\004657.png,1
data\BUS-CoT\004658.png,1
data\BUS-CoT\004659.png,1
data\BUS-CoT\004660.png,1
data\BUS-CoT\004661.png,1
data\BUS-CoT\004662.png,1
data\BUS-CoT\004663.png,1
data\BUS-CoT\004664.png,1
data\BUS-CoT\004666.png,1
data\BUS-CoT\004667.png,1
data\BUS-CoT\004668.png,1
data\BUS-CoT\004669.png,1
data\BUS-CoT\004670.png,1
data\BUS-CoT\004671.png,1
data\BUS-CoT\004672.png,1
data\BUS-CoT\004673.png,1
data\BUS-CoT\004675.png,1
data\BUS-CoT\004676.png,1
data\BUS-CoT\004677.png,1
data\BUS-CoT\004678.png,1
data\BUS-CoT\004679.png,1
data\BUS-CoT\004680.png,1
data\BUS-CoT\004682.png,1
data\BUS-CoT\004683.png,1
data\BUS-CoT\004684.png,1
data\BUS-CoT\004685.png,1
data\BUS-CoT\004686.png,1
data\BUS-CoT\004687.png,1
data\BUS-CoT\004688.png,1
data\BUS-CoT\004689.png,1
data\BUS-CoT\004690.png,1
data\BUS-CoT\004691.png,1
data\BUS-CoT\004692.png,1
data\BUS-CoT\004693.png,1
data\BUS-CoT\004694.png,1
data\BUS-CoT\004695.png,1
data\BUS-CoT\004696.png,1
data\BUS-CoT\004697.png,1
data\BUS-CoT\004698.png,1
data\BUS-CoT\004699.png,1
data\BUS-CoT\004700.png,1
data\BUS-CoT\004701.png,1
data\BUS-CoT\004702.png,1
data\BUS-CoT\004703.png,1
data\BUS-CoT\004704.png,1
data\BUS-CoT\004705.png,1
data\BUS-CoT\004706.png,1
data\BUS-CoT\004707.png,1
data\BUS-CoT\004708.png,1
data\BUS-CoT\004709.png,1
data\BUS-CoT\004710.png,1
data\BUS-CoT\004711.png,1
data\BUS-CoT\004712.png,1
data\BUS-CoT\004713.png,1
data\BUS-CoT\004714.png,1
data\BUS-CoT\004715.png,1
data\BUS-CoT\004716.png,1
data\BUS-CoT\004717.png,1
data\BUS-CoT\004718.png,2
data\BUS-CoT\004719.png,2
data\BUS-CoT\004720.png,2
data\BUS-CoT\004721.png,2
data\BUS-CoT\004722.png,2
data\BUS-CoT\004723.png,2
data\BUS-CoT\004724.png,2
data\BUS-CoT\004725.png,2
data\BUS-CoT\004728.png,2
data\BUS-CoT\004729.png,2
data\BUS-CoT\004730.png,2
data\BUS-CoT\004731.png,2
data\BUS-CoT\004732.png,2
data\BUS-CoT\004733.png,2
data\BUS-CoT\004734.png,2
data\BUS-CoT\004735.png,2
data\BUS-CoT\004736.png,2
data\BUS-CoT\004737.png,2
data\BUS-CoT\004738.png,2
data\BUS-CoT\004739.png,2
data\BUS-CoT\004740.png,2
data\BUS-CoT\004741.png,2
data\BUS-CoT\004742.png,2
data\BUS-CoT\004743.png,2
data\BUS-CoT\004744.png,2
data\BUS-CoT\004745.png,2
data\BUS-CoT\004746.png,2
data\BUS-CoT\004747.png,2
data\BUS-CoT\004748.png,2
data\BUS-CoT\004749.png,2
data\BUS-CoT\004750.png,2
data\BUS-CoT\004751.png,2
data\BUS-CoT\004752.png,2
data\BUS-CoT\004753.png,2
data\BUS-CoT\004754.png,2
data\BUS-CoT\004755.png,2
data\BUS-CoT\004756.png,2
data\BUS-CoT\004757.png,2
data\BUS-CoT\004758.png,2
data\BUS-CoT\004759.png,2
data\BUS-CoT\004760.png,2
data\BUS-CoT\004761.png,2
data\BUS-CoT\004762.png,2
data\BUS-CoT\004763.png,2
data\BUS-CoT\004764.png,2
data\BUS-CoT\004765.png,2
data\BUS-CoT\004766.png,2
data\BUS-CoT\004767.png,2
data\BUS-CoT\004768.png,2
data\BUS-CoT\004769.png,2
data\BUS-CoT\004770.png,2
data\BUS-CoT\004771.png,2
data\BUS-CoT\004772.png,2
data\BUS-CoT\004773.png,2
data\BUS-CoT\004774.png,2
data\BUS-CoT\004775.png,2
data\BUS-CoT\004776.png,2
data\BUS-CoT\004777.png,2
data\BUS-CoT\004778.png,2
data\BUS-CoT\004779.png,2
data\BUS-CoT\004780.png,2
data\BUS-CoT\004781.png,2
data\BUS-CoT\004782.png,2
data\BUS-CoT\004783.png,2
data\BUS-CoT\004784.png,2
data\BUS-CoT\004785.png,2
data\BUS-CoT\004786.png,2
data\BUS-CoT\004787.png,2
data\BUS-CoT\004788.png,2
data\BUS-CoT\004789.png,2
data\BUS-CoT\004790.png,2
data\BUS-CoT\004791.png,2
data\BUS-CoT\004792.png,2
data\BUS-CoT\004793.png,2
data\BUS-CoT\004794.png,2
data\BUS-CoT\004795.png,2
data\BUS-CoT\004796.png,2
data\BUS-CoT\004797.png,2
data\BUS-CoT\004798.png,2
data\BUS-CoT\004799.png,2
data\BUS-CoT\004800.png,2
data\BUS-CoT\004801.png,2
data\BUS-CoT\004802.png,2
data\BUS-CoT\004803.png,2
data\BUS-CoT\004804.png,2
data\BUS-CoT\004805.png,2
data\BUS-CoT\004806.png,2
data\BUS-CoT\004807.png,2
data\BUS-CoT\004808.png,2
data\BUS-CoT\004809.png,2
data\BUS-CoT\004811.png,2
data\BUS-CoT\004812.png,2
data\BUS-CoT\004813.png,2
data\BUS-CoT\004814.png,2
data\BUS-CoT\004815.png,2
data\BUS-CoT\004816.png,2
data\BUS-CoT\004817.png,2
data\BUS-CoT\004818.png,2
data\BUS-CoT\004819.png,2
data\BUS-CoT\004820.png,2
data\BUS-CoT\004821.png,2
data\BUS-CoT\004822.png,2
data\BUS-CoT\004823.png,2
data\BUS-CoT\004824.png,2
data\BUS-CoT\004825.png,2
data\BUS-CoT\004826.png,2
data\BUS-CoT\004827.png,2
data\BUS-CoT\004828.png,2
data\BUS-CoT\004829.png,2
data\BUS-CoT\004830.png,2
data\BUS-CoT\004831.png,2
data\BUS-CoT\004832.png,2
data\BUS-CoT\004833.png,2
data\BUS-CoT\004834.png,2
data\BUS-CoT\004835.png,2
data\BUS-CoT\004836.png,2
data\BUS-CoT\004837.png,2
data\BUS-CoT\004838.png,2
data\BUS-CoT\004840.png,2
data\BUS-CoT\004841.png,2
data\BUS-CoT\004842.png,2
data\BUS-CoT\004843.png,2
data\BUS-CoT\004844.png,2
data\BUS-CoT\004845.png,2
data\BUS-CoT\004846.png,2
data\BUS-CoT\004847.png,2
data\BUS-CoT\004850.png,2
data\BUS-CoT\004851.png,2
data\BUS-CoT\004852.png,2
data\BUS-CoT\004853.png,2
data\BUS-CoT\004854.png,2
data\BUS-CoT\004855.png,2
data\BUS-CoT\004856.png,2
data\BUS-CoT\004857.png,2
data\BUS-CoT\004858.png,2
data\BUS-CoT\004859.png,2
data\BUS-CoT\004860.png,2
data\BUS-CoT\004862.png,2
data\BUS-CoT\004863.png,2
data\BUS-CoT\004864.png,2
data\BUS-CoT\004865.png,2
data\BUS-CoT\004866.png,2
data\BUS-CoT\004867.png,2
data\BUS-CoT\004868.png,2
data\BUS-CoT\004869.png,2
data\BUS-CoT\004870.png,2
data\BUS-CoT\004871.png,2
data\BUS-CoT\004872.png,2
data\BUS-CoT\004873.png,2
data\BUS-CoT\004874.png,2
data\BUS-CoT\004875.png,2
data\BUS-CoT\004876.png,2
data\BUS-CoT\004877.png,2
data\BUS-CoT\004878.png,2
data\BUS-CoT\004879.png,2
data\BUS-CoT\004880.png,2
data\BUS-CoT\004881.png,2
data\BUS-CoT\004882.png,2
data\BUS-CoT\004883.png,2
data\BUS-CoT\004884.png,2
data\BUS-CoT\004885.png,2
data\BUS-CoT\004886.png,2
data\BUS-CoT\004887.png,2
data\BUS-CoT\004888.png,2
data\BUS-CoT\004889.png,2
data\BUS-CoT\004890.png,2
data\BUS-CoT\004891.png,2
data\BUS-CoT\004892.png,2
data\BUS-CoT\004893.png,2
data\BUS-CoT\004894.png,2
data\BUS-CoT\004895.png,2
data\BUS-CoT\004896.png,2
data\BUS-CoT\004897.png,2
data\BUS-CoT\004898.png,2
data\BUS-CoT\004899.png,2
data\BUS-CoT\004900.png,2
data\BUS-CoT\004901.png,2
data\BUS-CoT\004902.png,2
data\BUS-CoT\004903.png,2
data\BUS-CoT\004904.png,2
data\BUS-CoT\004905.png,2
data\BUS-CoT\004906.png,2
data\BUS-CoT\004907.png,2
data\BUS-CoT\004909.png,2
data\BUS-CoT\004910.png,2
data\BUS-CoT\004911.png,2
data\BUS-CoT\004912.png,2
data\BUS-CoT\004913.png,2
data\BUS-CoT\004914.png,2
data\BUS-CoT\004915.png,2
data\BUS-CoT\004916.png,2
data\BUS-CoT\004917.png,2
data\BUS-CoT\004918.png,2
data\BUS-CoT\004919.png,2
data\BUS-CoT\004920.png,2
data\BUS-CoT\004921.png,2
data\BUS-CoT\004922.png,2
data\BUS-CoT\004923.png,2
data\BUS-CoT\004924.png,2
data\BUS-CoT\004925.png,2
data\BUS-CoT\004926.png,2
data\BUS-CoT\004927.png,2
data\BUS-CoT\004928.png,2
data\BUS-CoT\004929.png,2
data\BUS-CoT\004930.png,2
data\BUS-CoT\004931.png,2
data\BUS-CoT\004932.png,2
data\BUS-CoT\004933.png,2
data\BUS-CoT\004934.png,2
data\BUS-CoT\004935.png,2
data\BUS-CoT\004936.png,2
data\BUS-CoT\004937.png,2
data\BUS-CoT\004938.png,2
data\BUS-CoT\004939.png,2
data\BUS-CoT\004940.png,2
data\BUS-CoT\004941.png,2
data\BUS-CoT\004942.png,2
data\BUS-CoT\004943.png,2
data\BUS-CoT\004944.png,2
data\BUS-CoT\004945.png,2
data\BUS-CoT\004946.png,2
data\BUS-CoT\004947.png,2
data\BUS-CoT\004948.png,2
data\BUS-CoT\004949.png,2
data\BUS-CoT\004950.png,2
data\BUS-CoT\004951.png,2
data\BUS-CoT\004952.png,2
data\BUS-CoT\004953.png,2
data\BUS-CoT\004954.png,2
data\BUS-CoT\004955.png,2
data\BUS-CoT\004956.png,2
data\BUS-CoT\004957.png,2
data\BUS-CoT\004958.png,2
data\BUS-CoT\004959.png,2
data\BUS-CoT\004960.png,2
data\BUS-CoT\004961.png,2
data\BUS-CoT\004962.png,2
data\BUS-CoT\004963.png,2
data\BUS-CoT\004964.png,2
data\BUS-CoT\004965.png,2
data\BUS-CoT\004967.png,2
data\BUS-CoT\004969.png,2
data\BUS-CoT\004971.png,2
data\BUS-CoT\004972.png,2
data\BUS-CoT\004973.png,2
data\BUS-CoT\004974.png,2
data\BUS-CoT\004975.png,2
data\BUS-CoT\004976.png,2
data\BUS-CoT\004977.png,2
data\BUS-CoT\004978.png,2
data\BUS-CoT\004979.png,2
data\BUS-CoT\004980.png,2
data\BUS-CoT\004981.png,2
data\BUS-CoT\004982.png,2
data\BUS-CoT\004983.png,2
data\BUS-CoT\004984.png,2
data\BUS-CoT\004985.png,2
data\BUS-CoT\004986.png,2
data\BUS-CoT\004987.png,2
data\BUS-CoT\004988.png,2
data\BUS-CoT\004989.png,2
data\BUS-CoT\004990.png,2
data\BUS-CoT\004991.png,2
data\BUS-CoT\004992.png,2
data\BUS-CoT\004993.png,2
data\BUS-CoT\004994.png,2
data\BUS-CoT\004995.png,2
data\BUS-CoT\004996.png,2
data\BUS-CoT\004997.png,2
data\BUS-CoT\004998.png,2
data\BUS-CoT\004999.png,2
data\BUS-CoT\005000.png,2
data\BUS-CoT\005001.png,2
data\BUS-CoT\005002.png,2
data\BUS-CoT\005003.png,2
data\BUS-CoT\005004.png,2
data\BUS-CoT\005005.png,2
data\BUS-CoT\005006.png,2
data\BUS-CoT\005007.png,2
data\BUS-CoT\005008.png,2
data\BUS-CoT\005009.png,2
data\BUS-CoT\005010.png,2
data\BUS-CoT\005011.png,2
data\BUS-CoT\005012.png,2
data\BUS-CoT\005013.png,2
data\BUS-CoT\005014.png,2
data\BUS-CoT\005015.png,2
data\BUS-CoT\005016.png,2
data\BUS-CoT\005017.png,2
data\BUS-CoT\005018.png,2
data\BUS-CoT\005019.png,2
data\BUS-CoT\005020.png,2
data\BUS-CoT\005021.png,2
data\BUS-CoT\005022.png,2
data\BUS-CoT\005023.png,2
data\BUS-CoT\005024.png,2
data\BUS-CoT\005025.png,2
data\BUS-CoT\005026.png,2
data\BUS-CoT\005027.png,2
data\BUS-CoT\005028.png,2
data\BUS-CoT\005029.png,2
data\BUS-CoT\005030.png,2
data\BUS-CoT\005031.png,2
data\BUS-CoT\005032.png,2
data\BUS-CoT\005033.png,2
data\BUS-CoT\005034.png,2
data\BUS-CoT\005035.png,2
data\BUS-CoT\005036.png,2
data\BUS-CoT\005037.png,2
data\BUS-CoT\005038.png,2
data\BUS-CoT\005039.png,2
data\BUS-CoT\005040.png,2
data\BUS-CoT\005041.png,2
data\BUS-CoT\005044.png,2
data\BUS-CoT\005045.png,2
data\BUS-CoT\005046.png,2
data\BUS-CoT\005047.png,2
data\BUS-CoT\005048.png,2
data\BUS-CoT\005049.png,2
data\BUS-CoT\005050.png,2
data\BUS-CoT\005051.png,2
data\BUS-CoT\005052.png,2
data\BUS-CoT\005053.png,2
data\BUS-CoT\005054.png,2
data\BUS-CoT\005055.png,2
data\BUS-CoT\005056.png,2
data\BUS-CoT\005057.png,2
data\BUS-CoT\005058.png,2
data\BUS-CoT\005059.png,2
data\BUS-CoT\005060.png,2
data\BUS-CoT\005061.png,2
data\BUS-CoT\005062.png,2
data\BUS-CoT\005063.png,2
data\BUS-CoT\005064.png,2
data\BUS-CoT\005065.png,2
data\BUS-CoT\005066.png,2
data\BUS-CoT\005067.png,2
data\BUS-CoT\005068.png,2
data\BUS-CoT\005069.png,2
data\BUS-CoT\005072.png,2
data\BUS-CoT\005073.png,2
data\BUS-CoT\005074.png,2
data\BUS-CoT\005075.png,2
data\BUS-CoT\005076.png,2
data\BUS-CoT\005077.png,2
data\BUS-CoT\005078.png,2
data\BUS-CoT\005079.png,2
data\BUS-CoT\005080.png,2
data\BUS-CoT\005081.png,2
data\BUS-CoT\005082.png,2
data\BUS-CoT\005083.png,2
data\BUS-CoT\005084.png,2
data\BUS-CoT\005085.png,2
data\BUS-CoT\005086.png,2
data\BUS-CoT\005087.png,2
data\BUS-CoT\005088.png,2
data\BUS-CoT\005089.png,2
data\BUS-CoT\005090.png,2
data\BUS-CoT\005091.png,2
data\BUS-CoT\005092.png,2
data\BUS-CoT\005093.png,2
data\BUS-CoT\005094.png,2
data\BUS-CoT\005095.png,2
data\BUS-CoT\005096.png,2
data\BUS-CoT\005097.png,2
data\BUS-CoT\005098.png,2
data\BUS-CoT\005099.png,2
data\BUS-CoT\005100.png,2
data\BUS-CoT\005101.png,2
data\BUS-CoT\005102.png,2
data\BUS-CoT\005103.png,2
data\BUS-CoT\005104.png,2
data\BUS-CoT\005105.png,2
data\BUS-CoT\005106.png,2
data\BUS-CoT\005107.png,2
data\BUS-CoT\005108.png,2
data\BUS-CoT\005109.png,2
data\BUS-CoT\005110.png,2
data\BUS-CoT\005111.png,2
data\BUS-CoT\005112.png,2
data\BUS-CoT\005113.png,2
data\BUS-CoT\005114.png,2
data\BUS-CoT\005115.png,2
data\BUS-CoT\005116.png,2
data\BUS-CoT\005119.png,2
data\BUS-CoT\005120.png,2
data\BUS-CoT\005121.png,2
data\BUS-CoT\005122.png,2
data\BUS-CoT\005123.png,2
data\BUS-CoT\005124.png,2
data\BUS-CoT\005125.png,2
data\BUS-CoT\005126.png,2
data\BUS-CoT\005127.png,2
data\BUS-CoT\005128.png,2
data\BUS-CoT\005129.png,2
data\BUS-CoT\005130.png,2
data\BUS-CoT\005131.png,2
data\BUS-CoT\005132.png,2
data\BUS-CoT\005133.png,2
data\BUS-CoT\005134.png,2
data\BUS-CoT\005135.png,2
data\BUS-CoT\005136.png,2
data\BUS-CoT\005137.png,2
data\BUS-CoT\005138.png,2
data\BUS-CoT\005139.png,2
data\BUS-CoT\005140.png,2
data\BUS-CoT\005141.png,2
data\BUS-CoT\005142.png,2
data\BUS-CoT\005143.png,2
data\BUS-CoT\005144.png,2
data\BUS-CoT\005145.png,2
data\BUS-CoT\005146.png,2
data\BUS-CoT\005147.png,2
data\BUS-CoT\005148.png,2
data\BUS-CoT\005149.png,2
data\BUS-CoT\005150.png,2
data\BUS-CoT\005151.png,2
data\BUS-CoT\005153.png,2
data\BUS-CoT\005154.png,2
data\BUS-CoT\005155.png,2
data\BUS-CoT\005156.png,2
data\BUS-CoT\005157.png,2
data\BUS-CoT\005158.png,2
data\BUS-CoT\005159.png,2
data\BUS-CoT\005160.png,2
data\BUS-CoT\005161.png,2
data\BUS-CoT\005162.png,2
data\BUS-CoT\005163.png,2
data\BUS-CoT\005164.png,2
data\BUS-CoT\005165.png,2
data\BUS-CoT\005166.png,2
data\BUS-CoT\005167.png,2
data\BUS-CoT\005168.png,2
data\BUS-CoT\005169.png,2
data\BUS-CoT\005170.png,2
data\BUS-CoT\005171.png,2
data\BUS-CoT\005172.png,2
data\BUS-CoT\005173.png,2
data\BUS-CoT\005174.png,2
data\BUS-CoT\005175.png,2
data\BUS-CoT\005176.png,2
data\BUS-CoT\005177.png,2
data\BUS-CoT\005178.png,2
data\BUS-CoT\005179.png,2
data\BUS-CoT\005180.png,2
data\BUS-CoT\005181.png,2
data\BUS-CoT\005182.png,2
data\BUS-CoT\005183.png,2
data\BUS-CoT\005184.png,2
data\BUS-CoT\005185.png,2
data\BUS-CoT\005186.png,2
data\BUS-CoT\005187.png,2
data\BUS-CoT\005188.png,2
data\BUS-CoT\005189.png,2
data\BUS-CoT\005190.png,2
data\BUS-CoT\005191.png,2
data\BUS-CoT\005192.png,2
data\BUS-CoT\005193.png,2
data\BUS-CoT\005194.png,2
data\BUS-CoT\005195.png,2
data\BUS-CoT\005196.png,2
data\BUS-CoT\005197.png,2
data\BUS-CoT\005198.png,2
data\BUS-CoT\005199.png,2
data\BUS-CoT\005201.png,2
data\BUS-CoT\005202.png,2
data\BUS-CoT\005203.png,2
data\BUS-CoT\005204.png,2
data\BUS-CoT\005205.png,2
data\BUS-CoT\005206.png,2
data\BUS-CoT\005207.png,2
data\BUS-CoT\005208.png,2
data\BUS-CoT\005209.png,2
data\BUS-CoT\005210.png,2
data\BUS-CoT\005211.png,2
data\BUS-CoT\005212.png,2
data\BUS-CoT\005213.png,2
data\BUS-CoT\005214.png,2
data\BUS-CoT\005215.png,2
data\BUS-CoT\005216.png,2
data\BUS-CoT\005217.png,2
data\BUS-CoT\005218.png,2
data\BUS-CoT\005219.png,2
data\BUS-CoT\005220.png,2
data\BUS-CoT\005221.png,2
data\BUS-CoT\005222.png,2
data\BUS-CoT\005223.png,2
data\BUS-CoT\005224.png,2
data\BUS-CoT\005225.png,2
data\BUS-CoT\005226.png,2
data\BUS-CoT\005227.png,2
data\BUS-CoT\005229.png,2
data\BUS-CoT\005231.png,2
data\BUS-CoT\005232.png,2
data\BUS-CoT\005233.png,2
data\BUS-CoT\005234.png,2
data\BUS-CoT\005235.png,2
data\BUS-CoT\005236.png,2
data\BUS-CoT\005237.png,2
data\BUS-CoT\005238.png,2
data\BUS-CoT\005239.png,2
data\BUS-CoT\005240.png,2
data\BUS-CoT\005241.png,2
data\BUS-CoT\005242.png,2
data\BUS-CoT\005244.png,2
data\BUS-CoT\005245.png,2
data\BUS-CoT\005246.png,2
data\BUS-CoT\005247.png,2
data\BUS-CoT\005248.png,2
data\BUS-CoT\005249.png,2
data\BUS-CoT\005250.png,2
data\BUS-CoT\005251.png,2
data\BUS-CoT\005252.png,2
data\BUS-CoT\005253.png,2
data\BUS-CoT\005254.png,2
data\BUS-CoT\005255.png,2
data\BUS-CoT\005256.png,2
data\BUS-CoT\005257.png,2
data\BUS-CoT\005258.png,2
data\BUS-CoT\005259.png,2
data\BUS-CoT\005260.png,2
data\BUS-CoT\005261.png,2
data\BUS-CoT\005262.png,2
data\BUS-CoT\005263.png,2
data\BUS-CoT\005264.png,2
data\BUS-CoT\005265.png,2
data\BUS-CoT\005266.png,2
data\BUS-CoT\005267.png,2
data\BUS-CoT\005268.png,2
data\BUS-CoT\005269.png,2
data\BUS-CoT\005270.png,2
data\BUS-CoT\005271.png,2
data\BUS-CoT\005272.png,2
data\BUS-CoT\005273.png,2
data\BUS-CoT\005274.png,2
data\BUS-CoT\005275.png,2
data\BUS-CoT\005276.png,2
data\BUS-CoT\005277.png,2
data\BUS-CoT\005278.png,2
data\BUS-CoT\005279.png,2
data\BUS-CoT\005280.png,2
data\BUS-CoT\005281.png,2
data\BUS-CoT\005283.png,2
data\BUS-CoT\005284.png,2
data\BUS-CoT\005285.png,2
data\BUS-CoT\005286.png,2
data\BUS-CoT\005287.png,2
data\BUS-CoT\005288.png,2
data\BUS-CoT\005289.png,2
data\BUS-CoT\005290.png,2
data\BUS-CoT\005291.png,2
data\BUS-CoT\005292.png,2
data\BUS-CoT\005293.png,2
data\BUS-CoT\005294.png,2
data\BUS-CoT\005295.png,2
data\BUS-CoT\005296.png,2
data\BUS-CoT\005297.png,2
data\BUS-CoT\005298.png,2
data\BUS-CoT\005300.png,2
data\BUS-CoT\005301.png,2
data\BUS-CoT\005302.png,2
data\BUS-CoT\005303.png,2
data\BUS-CoT\005304.png,2
data\BUS-CoT\005305.png,2
data\BUS-CoT\005306.png,2
data\BUS-CoT\005307.png,2
data\BUS-CoT\005308.png,2
data\BUS-CoT\005309.png,2
data\BUS-CoT\005310.png,2
data\BUS-CoT\005311.png,2
data\BUS-CoT\005312.png,2
data\BUS-CoT\005313.png,2
data\BUS-CoT\005314.png,2
data\BUS-CoT\005315.png,2
data\BUS-CoT\005316.png,2
data\BUS-CoT\005317.png,2
data\BUS-CoT\005318.png,2
data\BUS-CoT\005320.png,2
data\BUS-CoT\005321.png,2
data\BUS-CoT\005322.png,2
data\BUS-CoT\005323.png,2
data\BUS-CoT\005324.png,2
data\BUS-CoT\005325.png,2
data\BUS-CoT\005326.png,2
data\BUS-CoT\005327.png,2
data\BUS-CoT\005328.png,2
data\BUS-CoT\005329.png,2
data\BUS-CoT\005330.png,2
data\BUS-CoT\005331.png,2
data\BUS-CoT\005334.png,2
data\BUS-CoT\005336.png,2
data\BUS-CoT\005337.png,2
data\BUS-CoT\005338.png,2
data\BUS-CoT\005339.png,2
data\BUS-CoT\005340.png,2
data\BUS-CoT\005341.png,2
data\BUS-CoT\005342.png,2
data\BUS-CoT\005343.png,2
data\BUS-CoT\005344.png,2
data\BUS-CoT\005345.png,2
data\BUS-CoT\005346.png,2
data\BUS-CoT\005347.png,2
data\BUS-CoT\005348.png,2
data\BUS-CoT\005349.png,2
data\BUS-CoT\005350.png,2
data\BUS-CoT\005351.png,2
data\BUS-CoT\005352.png,2
data\BUS-CoT\005353.png,2
data\BUS-CoT\005354.png,2
data\BUS-CoT\005355.png,2
data\BUS-CoT\005356.png,2
data\BUS-CoT\005357.png,2
data\BUS-CoT\005358.png,2
data\BUS-CoT\005359.png,2
data\BUS-CoT\005360.png,2
data\BUS-CoT\005361.png,2
data\BUS-CoT\005362.png,2
data\BUS-CoT\005363.png,2
data\BUS-CoT\005364.png,2
data\BUS-CoT\005365.png,2
data\BUS-CoT\005366.png,2
data\BUS-CoT\005367.png,2
data\BUS-CoT\005368.png,2
data\BUS-CoT\005369.png,2
data\BUS-CoT\005370.png,2
data\BUS-CoT\005371.png,2
data\BUS-CoT\005372.png,2
data\BUS-CoT\005373.png,2
data\BUS-CoT\005376.png,2
data\BUS-CoT\005377.png,2
data\BUS-CoT\005378.png,2
data\BUS-CoT\005379.png,2
data\BUS-CoT\005380.png,2
data\BUS-CoT\005381.png,2
data\BUS-CoT\005382.png,2
data\BUS-CoT\005383.png,2
data\BUS-CoT\005384.png,2
data\BUS-CoT\005385.png,2
data\BUS-CoT\005386.png,2
data\BUS-CoT\005387.png,2
data\BUS-CoT\005388.png,2
data\BUS-CoT\005389.png,2
data\BUS-CoT\005390.png,2
data\BUS-CoT\005391.png,2
data\BUS-CoT\005392.png,2
data\BUS-CoT\005393.png,2
data\BUS-CoT\005394.png,2
data\BUS-CoT\005395.png,2
data\BUS-CoT\005396.png,2
data\BUS-CoT\005397.png,2
data\BUS-CoT\005398.png,2
data\BUS-CoT\005399.png,2
data\BUS-CoT\005400.png,2
data\BUS-CoT\005401.png,2
data\BUS-CoT\005402.png,2
data\BUS-CoT\005403.png,2
data\BUS-CoT\005404.png,2
data\BUS-CoT\005405.png,2
data\BUS-CoT\005406.png,2
data\BUS-CoT\005407.png,2
data\BUS-CoT\005408.png,2
data\BUS-CoT\005409.png,2
data\BUS-CoT\005410.png,2
data\BUS-CoT\005411.png,2
data\BUS-CoT\005412.png,2
data\BUS-CoT\005413.png,2
data\BUS-CoT\005414.png,2
data\BUS-CoT\005415.png,2
data\BUS-CoT\005416.png,2
data\BUS-CoT\005417.png,2
data\BUS-CoT\005418.png,2
data\BUS-CoT\005419.png,2
data\BUS-CoT\005420.png,2
data\BUS-CoT\005421.png,2
data\BUS-CoT\005422.png,2
data\BUS-CoT\005423.png,2
data\BUS-CoT\005424.png,2
data\BUS-CoT\005425.png,2
data\BUS-CoT\005426.png,2
data\BUS-CoT\005427.png,2
data\BUS-CoT\005428.png,2
data\BUS-CoT\005429.png,2
data\BUS-CoT\005430.png,2
data\BUS-CoT\005431.png,2
data\BUS-CoT\005432.png,2
data\BUS-CoT\005434.png,2
data\BUS-CoT\005435.png,2
data\BUS-CoT\005436.png,2
data\BUS-CoT\005437.png,2
data\BUS-CoT\005438.png,2
data\BUS-CoT\005439.png,2
data\BUS-CoT\005440.png,2
data\BUS-CoT\005441.png,2
data\BUS-CoT\005442.png,2
data\BUS-CoT\005443.png,2
data\BUS-CoT\005444.png,2
data\BUS-CoT\005446.png,2
data\BUS-CoT\005447.png,2
data\BUS-CoT\005448.png,2
data\BUS-CoT\005449.png,2
data\BUS-CoT\005450.png,2
data\BUS-CoT\005451.png,2
data\BUS-CoT\005452.png,2
data\BUS-CoT\005453.png,2
data\BUS-CoT\005454.png,2
data\BUS-CoT\005455.png,2
data\BUS-CoT\005456.png,2
data\BUS-CoT\005457.png,2
data\BUS-CoT\005458.png,2
data\BUS-CoT\005459.png,2
data\BUS-CoT\005460.png,2
data\BUS-CoT\005461.png,2
data\BUS-CoT\005462.png,2
data\BUS-CoT\005463.png,2
data\BUS-CoT\005464.png,2
data\BUS-CoT\005465.png,2
data\BUS-CoT\005466.png,2
data\BUS-CoT\005467.png,2
data\BUS-CoT\005468.png,2
data\BUS-CoT\005469.png,2
data\BUS-CoT\005470.png,2
data\BUS-CoT\005471.png,2
data\BUS-CoT\005472.png,2
data\BUS-CoT\005473.png,2
data\BUS-CoT\005474.png,2
data\BUS-CoT\005475.png,2
data\BUS-CoT\005476.png,2
data\BUS-CoT\005477.png,2
data\BUS-CoT\005478.png,2
data\BUS-CoT\005479.png,2
data\BUS-CoT\005480.png,2
data\BUS-CoT\005481.png,2
data\BUS-CoT\005482.png,2
data\BUS-CoT\005483.png,2
data\BUS-CoT\005484.png,2
data\BUS-CoT\005485.png,2
data\BUS-CoT\005486.png,2
data\BUS-CoT\005487.png,2
data\BUS-CoT\005488.png,2
data\BUS-CoT\005489.png,2
data\BUS-CoT\005490.png,2
data\BUS-CoT\005491.png,2
data\BUS-CoT\005492.png,2
data\BUS-CoT\005493.png,2
data\BUS-CoT\005494.png,2
data\BUS-CoT\005495.png,2
data\BUS-CoT\005496.png,2
data\BUS-CoT\005498.png,2
data\BUS-CoT\005499.png,2
data\BUS-CoT\005500.png,2
data\BUS-CoT\005501.png,2
data\BUS-CoT\005502.png,2
data\BUS-CoT\005503.png,2
data\BUS-CoT\005504.png,2
data\BUS-CoT\005505.png,2
data\BUS-CoT\005506.png,2
data\BUS-CoT\005507.png,2
data\BUS-CoT\005508.png,2
data\BUS-CoT\005509.png,2
data\BUS-CoT\005510.png,2
data\BUS-CoT\005511.png,2
data\BUS-CoT\005512.png,2
data\BUS-CoT\005513.png,2
data\BUS-CoT\005514.png,2
data\BUS-CoT\005515.png,2
data\BUS-CoT\005516.png,2
data\BUS-CoT\005517.png,2
data\BUS-CoT\005518.png,2
data\BUS-CoT\005519.png,2
data\BUS-CoT\005520.png,2
data\BUS-CoT\005521.png,2
data\BUS-CoT\005522.png,2
data\BUS-CoT\005523.png,2
data\BUS-CoT\005524.png,2
data\BUS-CoT\005525.png,2
data\BUS-CoT\005526.png,2
data\BUS-CoT\005527.png,2
data\BUS-CoT\005528.png,2
data\BUS-CoT\005529.png,2
data\BUS-CoT\005530.png,2
data\BUS-CoT\005531.png,2
data\BUS-CoT\005532.png,2
data\BUS-CoT\005533.png,2
data\BUS-CoT\005534.png,2
data\BUS-CoT\005535.png,2
data\BUS-CoT\005536.png,2
data\BUS-CoT\005537.png,2
data\BUS-CoT\005538.png,2
data\BUS-CoT\005539.png,2
data\BUS-CoT\005540.png,2
data\BUS-CoT\005541.png,2
data\BUS-CoT\005542.png,2
data\BUS-CoT\005543.png,2
data\BUS-CoT\005544.png,2
data\BUS-CoT\005545.png,2
data\BUS-CoT\005546.png,2
data\BUS-CoT\005547.png,2
data\BUS-CoT\005548.png,2
data\BUS-CoT\005549.png,2
data\BUS-CoT\005550.png,2
data\BUS-CoT\005551.png,2
data\BUS-CoT\005552.png,2
data\BUS-CoT\005553.png,2
data\BUS-CoT\005554.png,2
data\BUS-CoT\005555.png,2
data\BUS-CoT\005556.png,2
data\BUS-CoT\005557.png,2
data\BUS-CoT\005558.png,2
data\BUS-CoT\005559.png,2
data\BUS-CoT\005561.png,2
data\BUS-CoT\005564.png,2
data\BUS-CoT\005565.png,2
data\BUS-CoT\005566.png,2
data\BUS-CoT\005567.png,2
data\BUS-CoT\005568.png,2
data\BUS-CoT\005569.png,2
data\BUS-CoT\005570.png,2
data\BUS-CoT\005571.png,2
data\BUS-CoT\005572.png,2
data\BUS-CoT\005573.png,2
data\BUS-CoT\005574.png,2
data\BUS-CoT\005575.png,2
data\BUS-CoT\005576.png,2
data\BUS-CoT\005577.png,2
data\BUS-CoT\005578.png,2
data\BUS-CoT\005579.png,2
data\BUS-CoT\005580.png,2
data\BUS-CoT\005581.png,2
data\BUS-CoT\005582.png,2
data\BUS-CoT\005583.png,2
data\BUS-CoT\005584.png,2
data\BUS-CoT\005585.png,2
data\BUS-CoT\005586.png,2
data\BUS-CoT\005587.png,2
data\BUS-CoT\005589.png,2
data\BUS-CoT\005590.png,2
data\BUS-CoT\005591.png,2
data\BUS-CoT\005592.png,2
data\BUS-CoT\005593.png,2
data\BUS-CoT\005594.png,2
data\BUS-CoT\005595.png,2
data\BUS-CoT\005596.png,2
data\BUS-CoT\005597.png,2
data\BUS-CoT\005598.png,2
data\BUS-CoT\005599.png,2
data\BUS-CoT\005600.png,2
data\BUS-CoT\005601.png,2
data\BUS-CoT\005602.png,2
data\BUS-CoT\005603.png,2
data\BUS-CoT\005604.png,2
data\BUS-CoT\005605.png,2
data\BUS-CoT\005606.png,2
data\BUS-CoT\005607.png,2
data\BUS-CoT\005608.png,2
data\BUS-CoT\005609.png,2
data\BUS-CoT\005610.png,2
data\BUS-CoT\005611.png,2
data\BUS-CoT\005612.png,2
data\BUS-CoT\005613.png,2
data\BUS-CoT\005614.png,2
data\BUS-CoT\005615.png,2
data\BUS-CoT\005616.png,2
data\BUS-CoT\005617.png,2
data\BUS-CoT\005618.png,2
data\BUS-CoT\005619.png,2
data\BUS-CoT\005620.png,2
data\BUS-CoT\005621.png,2
data\BUS-CoT\005622.png,2
data\BUS-CoT\005623.png,2
data\BUS-CoT\005624.png,2
data\BUS-CoT\005627.png,2
data\BUS-CoT\005628.png,2
data\BUS-CoT\005629.png,2
data\BUS-CoT\005630.png,2
data\BUS-CoT\005631.png,2
data\BUS-CoT\005632.png,2
data\BUS-CoT\005635.png,2
data\BUS-CoT\005636.png,2
data\BUS-CoT\005637.png,2
data\BUS-CoT\005638.png,2
data\BUS-CoT\005639.png,2
data\BUS-CoT\005640.png,2
data\BUS-CoT\005641.png,2
data\BUS-CoT\005642.png,2
data\BUS-CoT\005643.png,2
data\BUS-CoT\005644.png,2
data\BUS-CoT\005645.png,2
data\BUS-CoT\005646.png,2
data\BUS-CoT\005647.png,2
data\BUS-CoT\005648.png,2
data\BUS-CoT\005649.png,2
data\BUS-CoT\005650.png,2
data\BUS-CoT\005651.png,2
data\BUS-CoT\005652.png,2
data\BUS-CoT\005653.png,2
data\BUS-CoT\005654.png,2
data\BUS-CoT\005656.png,2
data\BUS-CoT\005657.png,2
data\BUS-CoT\005658.png,2
data\BUS-CoT\005659.png,2
data\BUS-CoT\005660.png,2
data\BUS-CoT\005661.png,2
data\BUS-CoT\005662.png,2
data\BUS-CoT\005663.png,2
data\BUS-CoT\005664.png,2
data\BUS-CoT\005665.png,2
data\BUS-CoT\005666.png,2
data\BUS-CoT\005667.png,2
data\BUS-CoT\005668.png,2
data\BUS-CoT\005669.png,2
data\BUS-CoT\005670.png,2
data\BUS-CoT\005671.png,2
data\BUS-CoT\005672.png,2
data\BUS-CoT\005673.png,2
data\BUS-CoT\005675.png,2
data\BUS-CoT\005676.png,2
data\BUS-CoT\005677.png,2
data\BUS-CoT\005678.png,2
data\BUS-CoT\005679.png,2
data\BUS-CoT\005680.png,2
data\BUS-CoT\005681.png,2
data\BUS-CoT\005682.png,2
data\BUS-CoT\005683.png,2
data\BUS-CoT\005684.png,2
data\BUS-CoT\005685.png,2
data\BUS-CoT\005686.png,2
data\BUS-CoT\005687.png,2
data\BUS-CoT\005688.png,2
data\BUS-CoT\005689.png,2
data\BUS-CoT\005690.png,2
data\BUS-CoT\005691.png,2
data\BUS-CoT\005692.png,2
data\BUS-CoT\005694.png,2
data\BUS-CoT\005695.png,2
data\BUS-CoT\005696.png,2
data\BUS-CoT\005697.png,2
data\BUS-CoT\005698.png,2
data\BUS-CoT\005699.png,2
data\BUS-CoT\005701.png,2
data\BUS-CoT\005702.png,2
data\BUS-CoT\005704.png,2
data\BUS-CoT\005705.png,2
data\BUS-CoT\005706.png,2
data\BUS-CoT\005707.png,2
data\BUS-CoT\005708.png,2
data\BUS-CoT\005709.png,2
data\BUS-CoT\005710.png,2
data\BUS-CoT\005711.png,2
data\BUS-CoT\005712.png,2
data\BUS-CoT\005714.png,2
data\BUS-CoT\005715.png,2
data\BUS-CoT\005717.png,2
data\BUS-CoT\005718.png,2
data\BUS-CoT\005719.png,2
data\BUS-CoT\005720.png,2
data\BUS-CoT\005721.png,2
data\BUS-CoT\005724.png,2
data\BUS-CoT\005725.png,2
data\BUS-CoT\005726.png,2
data\BUS-CoT\005727.png,2
data\BUS-CoT\005728.png,2
data\BUS-CoT\005729.png,2
data\BUS-CoT\005730.png,2
data\BUS-CoT\005732.png,2
data\BUS-CoT\005733.png,2
data\BUS-CoT\005734.png,2
data\BUS-CoT\005735.png,2
data\BUS-CoT\005736.png,2
data\BUS-CoT\005737.png,2
data\BUS-CoT\005738.png,2
data\BUS-CoT\005739.png,2
data\BUS-CoT\005740.png,2
data\BUS-CoT\005741.png,2
data\BUS-CoT\005742.png,2
data\BUS-CoT\005743.png,2
data\BUS-CoT\005744.png,2
data\BUS-CoT\005745.png,2
data\BUS-CoT\005746.png,2
data\BUS-CoT\005747.png,2
data\BUS-CoT\005748.png,2
data\BUS-CoT\005749.png,2
data\BUS-CoT\005750.png,2
data\BUS-CoT\005751.png,2
data\BUS-CoT\005752.png,2
data\BUS-CoT\005753.png,2
data\BUS-CoT\005754.png,2
data\BUS-CoT\005755.png,2
data\BUS-CoT\005756.png,2
data\BUS-CoT\005757.png,2
data\BUS-CoT\005758.png,2
data\BUS-CoT\005759.png,2
data\BUS-CoT\005760.png,2
data\BUS-CoT\005761.png,2
data\BUS-CoT\005762.png,2
data\BUS-CoT\005764.png,2
data\BUS-CoT\005765.png,2
data\BUS-CoT\005766.png,2
data\BUS-CoT\005767.png,2
data\BUS-CoT\005768.png,2
data\BUS-CoT\005769.png,2
data\BUS-CoT\005770.png,2
data\BUS-CoT\005771.png,2
data\BUS-CoT\005772.png,2
data\BUS-CoT\005773.png,2
data\BUS-CoT\005774.png,2
data\BUS-CoT\005775.png,2
data\BUS-CoT\005776.png,2
data\BUS-CoT\005777.png,2
data\BUS-CoT\005778.png,2
data\BUS-CoT\005780.png,2
data\BUS-CoT\005781.png,2
data\BUS-CoT\005782.png,2
data\BUS-CoT\005783.png,2
data\BUS-CoT\005784.png,2
data\BUS-CoT\005785.png,2
data\BUS-CoT\005786.png,2
data\BUS-CoT\005787.png,2
data\BUS-CoT\005788.png,2
data\BUS-CoT\005789.png,2
data\BUS-CoT\005790.png,2
data\BUS-CoT\005791.png,2
data\BUS-CoT\005792.png,2
data\BUS-CoT\005793.png,2
data\BUS-CoT\005794.png,2
data\BUS-CoT\005795.png,2
data\BUS-CoT\005796.png,2
data\BUS-CoT\005797.png,2
data\BUS-CoT\005798.png,2
data\BUS-CoT\005799.png,2
data\BUS-CoT\005800.png,2
data\BUS-CoT\005801.png,2
data\BUS-CoT\005802.png,2
data\BUS-CoT\005803.png,2
data\BUS-CoT\005804.png,2
data\BUS-CoT\005805.png,2
data\BUS-CoT\005806.png,2
data\BUS-CoT\005807.png,2
data\BUS-CoT\005808.png,2
data\BUS-CoT\005809.png,2
data\BUS-CoT\005810.png,2
data\BUS-CoT\005811.png,2
data\BUS-CoT\005812.png,2
data\BUS-CoT\005813.png,2
data\BUS-CoT\005814.png,2
data\BUS-CoT\005815.png,2
data\BUS-CoT\005816.png,2
data\BUS-CoT\005817.png,2
data\BUS-CoT\005818.png,2
data\BUS-CoT\005819.png,2
data\BUS-CoT\005820.png,2
data\BUS-CoT\005822.png,2
data\BUS-CoT\005823.png,2
data\BUS-CoT\005824.png,2
data\BUS-CoT\005825.png,2
data\BUS-CoT\005826.png,2
data\BUS-CoT\005827.png,2
data\BUS-CoT\005828.png,2
data\BUS-CoT\005829.png,2
data\BUS-CoT\005830.png,2
data\BUS-CoT\005831.png,2
data\BUS-CoT\005832.png,2
data\BUS-CoT\005833.png,2
data\BUS-CoT\005834.png,2
data\BUS-CoT\005835.png,2
data\BUS-CoT\005836.png,2
data\BUS-CoT\005837.png,2
data\BUS-CoT\005838.png,2
data\BUS-CoT\005839.png,2
data\BUS-CoT\005840.png,2
data\BUS-CoT\005841.png,2
data\BUS-CoT\005842.png,2
data\BUS-CoT\005843.png,2
data\BUS-CoT\005844.png,2
data\BUS-CoT\005845.png,2
data\BUS-CoT\005846.png,2
data\BUS-CoT\005847.png,2
data\BUS-CoT\005848.png,2
data\BUS-CoT\005849.png,2
data\BUS-CoT\005850.png,2
data\BUS-CoT\005851.png,2
data\BUS-CoT\005852.png,2
data\BUS-CoT\005853.png,2
data\BUS-CoT\005854.png,2
data\BUS-CoT\005855.png,2
data\BUS-CoT\005856.png,2
data\BUS-CoT\005857.png,2
data\BUS-CoT\005858.png,2
data\BUS-CoT\005859.png,2
data\BUS-CoT\005860.png,2
data\BUS-CoT\005861.png,2
data\BUS-CoT\005862.png,2
data\BUS-CoT\005863.png,2
data\BUS-CoT\005864.png,2
data\BUS-CoT\005865.png,2
data\BUS-CoT\005866.png,2
data\BUS-CoT\005867.png,2
data\BUS-CoT\005868.png,2
data\BUS-CoT\005869.png,2
data\BUS-CoT\005870.png,2
data\BUS-CoT\005871.png,2
data\BUS-CoT\005872.png,2
data\BUS-CoT\005873.png,2
data\BUS-CoT\005874.png,2
data\BUS-CoT\005875.png,2
data\BUS-CoT\005876.png,2
data\BUS-CoT\005877.png,2
data\BUS-CoT\005878.png,2
data\BUS-CoT\005879.png,2
data\BUS-CoT\005880.png,2
data\BUS-CoT\005881.png,2
data\BUS-CoT\005882.png,2
data\BUS-CoT\005883.png,2
data\BUS-CoT\005884.png,2
data\BUS-CoT\005885.png,2
data\BUS-CoT\005886.png,2
data\BUS-CoT\005887.png,2
data\BUS-CoT\005888.png,2
data\BUS-CoT\005889.png,2
data\BUS-CoT\005890.png,2
data\BUS-CoT\005891.png,2
data\BUS-CoT\005892.png,2
data\BUS-CoT\005893.png,2
data\BUS-CoT\005894.png,2
data\BUS-CoT\005895.png,2
data\BUS-CoT\005896.png,2
data\BUS-CoT\005897.png,2
data\BUS-CoT\005898.png,2
data\BUS-CoT\005899.png,2
data\BUS-CoT\005900.png,2
data\BUS-CoT\005902.png,2
data\BUS-CoT\005903.png,2
data\BUS-CoT\005904.png,2
data\BUS-CoT\005905.png,2
data\BUS-CoT\005906.png,2
data\BUS-CoT\005907.png,2
data\BUS-CoT\005908.png,2
data\BUS-CoT\005909.png,2
data\BUS-CoT\005910.png,2
data\BUS-CoT\005911.png,2
data\BUS-CoT\005912.png,2
data\BUS-CoT\005913.png,2
data\BUS-CoT\005914.png,2
data\BUS-CoT\005915.png,2
data\BUS-CoT\005916.png,2
data\BUS-CoT\005917.png,2
data\BUS-CoT\005918.png,2
data\BUS-CoT\005919.png,2
data\BUS-CoT\005920.png,2
data\BUS-CoT\005921.png,2
data\BUS-CoT\005922.png,2
data\BUS-CoT\005923.png,2
data\BUS-CoT\005924.png,2
data\BUS-CoT\005925.png,2
data\BUS-CoT\005926.png,2
data\BUS-CoT\005927.png,2
data\BUS-CoT\005928.png,2
data\BUS-CoT\005929.png,2
data\BUS-CoT\005930.png,2
data\BUS-CoT\005931.png,2
data\BUS-CoT\005932.png,2
data\BUS-CoT\005933.png,2
data\BUS-CoT\005934.png,2
data\BUS-CoT\005935.png,2
data\BUS-CoT\005936.png,2
data\BUS-CoT\005937.png,2
data\BUS-CoT\005938.png,2
data\BUS-CoT\005939.png,2
data\BUS-CoT\005940.png,2
data\BUS-CoT\005941.png,2
data\BUS-CoT\005942.png,2
data\BUS-CoT\005943.png,2
data\BUS-CoT\005944.png,2
data\BUS-CoT\005945.png,2
data\BUS-CoT\005946.png,2
data\BUS-CoT\005947.png,2
data\BUS-CoT\005948.png,2
data\BUS-CoT\005949.png,2
data\BUS-CoT\005950.png,2
data\BUS-CoT\005951.png,2
data\BUS-CoT\005952.png,2
data\BUS-CoT\005953.png,2
data\BUS-CoT\005954.png,2
data\BUS-CoT\005955.png,2
data\BUS-CoT\005956.png,2
data\BUS-CoT\005957.png,2
data\BUS-CoT\005958.png,2
data\BUS-CoT\005959.png,2
data\BUS-CoT\005960.png,2
data\BUS-CoT\005961.png,2
data\BUS-CoT\005962.png,2
data\BUS-CoT\005963.png,2
data\BUS-CoT\005964.png,2
data\BUS-CoT\005965.png,2
data\BUS-CoT\005966.png,2
data\BUS-CoT\005967.png,2
data\BUS-CoT\005970.png,2
data\BUS-CoT\005971.png,2
data\BUS-CoT\005972.png,2
data\BUS-CoT\005973.png,2
data\BUS-CoT\005974.png,2
data\BUS-CoT\005975.png,2
data\BUS-CoT\005976.png,2
data\BUS-CoT\005977.png,2
data\BUS-CoT\005978.png,2
data\BUS-CoT\005979.png,2
data\BUS-CoT\005980.png,2
data\BUS-CoT\005981.png,2
data\BUS-CoT\005982.png,2
data\BUS-CoT\005983.png,2
data\BUS-CoT\005984.png,2
data\BUS-CoT\005985.png,2
data\BUS-CoT\005986.png,2
data\BUS-CoT\005987.png,2
data\BUS-CoT\005988.png,2
data\BUS-CoT\005989.png,2
data\BUS-CoT\005990.png,2
data\BUS-CoT\005991.png,2
data\BUS-CoT\005992.png,2
data\BUS-CoT\005993.png,2
data\BUS-CoT\005994.png,2
data\BUS-CoT\005995.png,2
data\BUS-CoT\005996.png,2
data\BUS-CoT\005997.png,2
data\BUS-CoT\005998.png,2
data\BUS-CoT\005999.png,2
data\BUS-CoT\006000.png,2
data\BUS-CoT\006001.png,2
data\BUS-CoT\006002.png,2
data\BUS-CoT\006003.png,2
data\BUS-CoT\006004.png,2
data\BUS-CoT\006005.png,2
data\BUS-CoT\006006.png,2
data\BUS-CoT\006007.png,2
data\BUS-CoT\006008.png,2
data\BUS-CoT\006009.png,2
data\BUS-CoT\006010.png,2
data\BUS-CoT\006011.png,2
data\BUS-CoT\006012.png,2
data\BUS-CoT\006013.png,2
data\BUS-CoT\006014.png,2
data\BUS-CoT\006015.png,2
data\BUS-CoT\006016.png,2
data\BUS-CoT\006017.png,2
data\BUS-CoT\006018.png,2
data\BUS-CoT\006019.png,2
data\BUS-CoT\006020.png,2
data\BUS-CoT\006021.png,2
data\BUS-CoT\006022.png,2
data\BUS-CoT\006023.png,2
data\BUS-CoT\006024.png,2
data\BUS-CoT\006025.png,2
data\BUS-CoT\006026.png,2
data\BUS-CoT\006027.png,2
data\BUS-CoT\006028.png,2
data\BUS-CoT\006029.png,2
data\BUS-CoT\006030.png,2
data\BUS-CoT\006031.png,2
data\BUS-CoT\006032.png,2
data\BUS-CoT\006033.png,2
data\BUS-CoT\006034.png,2
data\BUS-CoT\006035.png,2
data\BUS-CoT\006036.png,2
data\BUS-CoT\006037.png,2
data\BUS-CoT\006038.png,2
data\BUS-CoT\006039.png,2
data\BUS-CoT\006040.png,2
data\BUS-CoT\006041.png,2
data\BUS-CoT\006042.png,2
data\BUS-CoT\006043.png,2
data\BUS-CoT\006044.png,2
data\BUS-CoT\006045.png,2
data\BUS-CoT\006046.png,2
data\BUS-CoT\006047.png,2
data\BUS-CoT\006048.png,2
data\BUS-CoT\006049.png,2
data\BUS-CoT\006050.png,2
data\BUS-CoT\006051.png,2
data\BUS-CoT\006052.png,2
data\BUS-CoT\006053.png,2
data\BUS-CoT\006054.png,2
data\BUS-CoT\006055.png,2
data\BUS-CoT\006056.png,2
data\BUS-CoT\006057.png,2
data\BUS-CoT\006058.png,2
data\BUS-CoT\006059.png,2
data\BUS-CoT\006060.png,2
data\BUS-CoT\006061.png,2
data\BUS-CoT\006062.png,2
data\BUS-CoT\006063.png,2
data\BUS-CoT\006064.png,2
data\BUS-CoT\006065.png,2
data\BUS-CoT\006066.png,2
data\BUS-CoT\006067.png,2
data\BUS-CoT\006068.png,2
data\BUS-CoT\006069.png,2
data\BUS-CoT\006070.png,2
data\BUS-CoT\006071.png,2
data\BUS-CoT\006072.png,2
data\BUS-CoT\006073.png,2
data\BUS-CoT\006074.png,2
data\BUS-CoT\006075.png,2
data\BUS-CoT\006076.png,2
data\BUS-CoT\006077.png,2
data\BUS-CoT\006078.png,2
data\BUS-CoT\006079.png,2
data\BUS-CoT\006080.png,2
data\BUS-CoT\006081.png,2
data\BUS-CoT\006082.png,2
data\BUS-CoT\006083.png,2
data\BUS-CoT\006084.png,2
data\BUS-CoT\006085.png,2
data\BUS-CoT\006086.png,2
data\BUS-CoT\006087.png,2
data\BUS-CoT\006088.png,2
data\BUS-CoT\006089.png,2
data\BUS-CoT\006090.png,2
data\BUS-CoT\006091.png,2
data\BUS-CoT\006092.png,2
data\BUS-CoT\006093.png,2
data\BUS-CoT\006094.png,2
data\BUS-CoT\006095.png,2
data\BUS-CoT\006096.png,2
data\BUS-CoT\006097.png,2
data\BUS-CoT\006098.png,2
data\BUS-CoT\006099.png,2
data\BUS-CoT\006100.png,2
data\BUS-CoT\006101.png,2
data\BUS-CoT\006102.png,2
data\BUS-CoT\006103.png,2
data\BUS-CoT\006104.png,2
data\BUS-CoT\006106.png,2
data\BUS-CoT\006107.png,2
data\BUS-CoT\006108.png,2
data\BUS-CoT\006109.png,2
data\BUS-CoT\006110.png,2
data\BUS-CoT\006111.png,2
data\BUS-CoT\006112.png,2
data\BUS-CoT\006113.png,2
data\BUS-CoT\006114.png,2
data\BUS-CoT\006115.png,2
data\BUS-CoT\006116.png,2
data\BUS-CoT\006117.png,2
data\BUS-CoT\006118.png,2
data\BUS-CoT\006119.png,2
data\BUS-CoT\006120.png,2
data\BUS-CoT\006121.png,2
data\BUS-CoT\006122.png,2
data\BUS-CoT\006123.png,2
data\BUS-CoT\006124.png,2
data\BUS-CoT\006125.png,2
data\BUS-CoT\006126.png,2
data\BUS-CoT\006127.png,2
data\BUS-CoT\006128.png,2
data\BUS-CoT\006129.png,2
data\BUS-CoT\006131.png,2
data\BUS-CoT\006132.png,2
data\BUS-CoT\006133.png,2
data\BUS-CoT\006134.png,2
data\BUS-CoT\006135.png,2
data\BUS-CoT\006136.png,2
data\BUS-CoT\006137.png,2
data\BUS-CoT\006138.png,2
data\BUS-CoT\006142.png,2
data\BUS-CoT\006143.png,2
data\BUS-CoT\006147.png,2
data\BUS-CoT\006148.png,2
data\BUS-CoT\006149.png,2
data\BUS-CoT\006150.png,2
data\BUS-CoT\006151.png,2
data\BUS-CoT\006152.png,2
data\BUS-CoT\006153.png,2
data\BUS-CoT\006156.png,1
data\BUS-CoT\006157.png,1
data\BUS-CoT\006158.png,1
data\BUS-CoT\006159.png,1
data\BUS-CoT\006160.png,1
data\BUS-CoT\006161.png,1
data\BUS-CoT\006162.png,1
data\BUS-CoT\006163.png,1
data\BUS-CoT\006165.png,1
data\BUS-CoT\006166.png,1
data\BUS-CoT\006167.png,1
data\BUS-CoT\006169.png,1
data\BUS-CoT\006170.png,1
data\BUS-CoT\006171.png,1
data\BUS-CoT\006172.png,1
data\BUS-CoT\006173.png,1
data\BUS-CoT\006174.png,1
data\BUS-CoT\006175.png,1
data\BUS-CoT\006176.png,1
data\BUS-CoT\006177.png,1
data\BUS-CoT\006183.png,1
data\BUS-CoT\006186.png,1
data\BUS-CoT\006187.png,1
data\BUS-CoT\006191.png,1
data\BUS-CoT\006192.png,1
data\BUS-CoT\006193.png,1
data\BUS-CoT\006195.png,2
data\BUS-CoT\006196.png,1
data\BUS-CoT\006198.png,1
data\BUS-CoT\006199.png,2
data\BUS-CoT\006200.png,2
data\BUS-CoT\006201.png,2
data\BUS-CoT\006202.png,2
data\BUS-CoT\006203.png,2
data\BUS-CoT\006204.png,2
data\BUS-CoT\006205.png,2
data\BUS-CoT\006207.png,2
data\BUS-CoT\006208.png,2
data\BUS-CoT\006209.png,2
data\BUS-CoT\006210.png,2
data\BUS-CoT\006211.png,1
data\BUS-CoT\006212.png,1
data\BUS-CoT\006213.png,1
data\BUS-CoT\006214.png,1
data\BUS-CoT\006215.png,1
data\BUS-CoT\006216.png,1
data\BUS-CoT\006217.png,1
data\BUS-CoT\006218.png,1
data\BUS-CoT\006219.png,1
data\BUS-CoT\006220.png,1
data\BUS-CoT\006223.png,1
data\BUS-CoT\006224.png,1
data\BUS-CoT\006225.png,1
data\BUS-CoT\006226.png,1
data\BUS-CoT\006227.png,1
data\BUS-CoT\006228.png,1
data\BUS-CoT\006229.png,1
data\BUS-CoT\006230.png,1
data\BUS-CoT\006231.png,1
data\BUS-CoT\006232.png,1
data\BUS-CoT\006233.png,1
data\BUS-CoT\006234.png,1
data\BUS-CoT\006235.png,1
data\BUS-CoT\006237.png,1
data\BUS-CoT\006238.png,1
data\BUS-CoT\006239.png,1
data\BUS-CoT\006240.png,1
data\BUS-CoT\006241.png,1
data\BUS-CoT\006242.png,1
data\BUS-CoT\006243.png,1
data\BUS-CoT\006244.png,1
data\BUS-CoT\006245.png,1
data\BUS-CoT\006246.png,1
data\BUS-CoT\006247.png,1
data\BUS-CoT\006248.png,1
data\BUS-CoT\006249.png,1
data\BUS-CoT\006250.png,1
data\BUS-CoT\006251.png,1
data\BUS-CoT\006252.png,1
data\BUS-CoT\006253.png,1
data\BUS-CoT\006254.png,1
data\BUS-CoT\006255.png,1
data\BUS-CoT\006256.png,1
data\BUS-CoT\006257.png,1
data\BUS-CoT\006258.png,1
data\BUS-CoT\006260.png,1
data\BUS-CoT\006262.png,2
data\BUS-CoT\006266.png,2
data\BUS-CoT\006267.png,2
data\BUS-CoT\006268.png,2
data\BUS-CoT\006269.png,2
data\BUS-CoT\006270.png,2
data\BUS-CoT\006271.png,2
data\BUS-CoT\006272.png,2
data\BUS-CoT\006273.png,2
data\BUS-CoT\006274.png,2
data\BUS-CoT\006276.png,2
data\BUS-CoT\006277.png,2
data\BUS-CoT\006278.png,2
data\BUS-CoT\006279.png,2
data\BUS-CoT\006280.png,2
data\BUS-CoT\006281.png,2
data\BUS-CoT\006284.png,2
data\BUS-CoT\006285.png,2
data\BUS-CoT\006286.png,2
data\BUS-CoT\006287.png,2
data\BUS-CoT\006288.png,2
data\BUS-CoT\006289.png,2
data\BUS-CoT\006290.png,2
data\BUS-CoT\006291.png,2
data\BUS-CoT\006293.png,2
data\BUS-CoT\006294.png,2
data\BUS-CoT\006295.png,2
data\BUS-CoT\006296.png,2
data\BUS-CoT\006297.png,2
data\BUS-CoT\006298.png,2
data\BUS-CoT\006299.png,2
data\BUS-CoT\006300.png,2
data\BUS-CoT\006301.png,2
data\BUS-CoT\006302.png,2
data\BUS-CoT\006303.png,2
data\BUS-CoT\006304.png,2
data\BUS-CoT\006306.png,2
data\BUS-CoT\006307.png,2
data\BUS-CoT\006308.png,2
data\BUS-CoT\006309.png,2
data\BUS-CoT\006310.png,2
data\BUS-CoT\006311.png,2
data\BUS-CoT\006312.png,2
data\BUS-CoT\006317.png,1
data\BUS-CoT\006318.png,1
data\BUS-CoT\006319.png,1
data\BUS-CoT\006320.png,1
data\BUS-CoT\006321.png,1
data\BUS-CoT\006322.png,1
data\BUS-CoT\006323.png,1
data\BUS-CoT\006324.png,1
data\BUS-CoT\006325.png,1
data\BUS-CoT\006330.png,1
data\BUS-CoT\006331.png,1
data\BUS-CoT\006332.png,1
data\BUS-CoT\006333.png,1
data\BUS-CoT\006334.png,1
data\BUS-CoT\006335.png,1
data\BUS-CoT\006336.png,1
data\BUS-CoT\006337.png,1
data\BUS-CoT\006339.png,1
data\BUS-CoT\006340.png,1
data\BUS-CoT\006341.png,1
data\BUS-CoT\006342.png,1
data\BUS-CoT\006343.png,1
data\BUS-CoT\006344.png,1
data\BUS-CoT\006345.png,1
data\BUS-CoT\006346.png,1
data\BUS-CoT\006347.png,1
data\BUS-CoT\006348.png,1
data\BUS-CoT\006349.png,1
data\BUS-CoT\006350.png,1
data\BUS-CoT\006351.png,1
data\BUS-CoT\006352.png,1
data\BUS-CoT\006353.png,1
data\BUS-CoT\006354.png,1
data\BUS-CoT\006355.png,1
data\BUS-CoT\006356.png,1
data\BUS-CoT\006357.png,1
data\BUS-CoT\006358.png,1
data\BUS-CoT\006359.png,1
data\BUS-CoT\006360.png,1
data\BUS-CoT\006361.png,1
data\BUS-CoT\006362.png,1
data\BUS-CoT\006363.png,1
data\BUS-CoT\006364.png,1
data\BUS-CoT\006365.png,1
data\BUS-CoT\006367.png,1
data\BUS-CoT\006368.png,1
data\BUS-CoT\006369.png,1
data\BUS-CoT\006370.png,1
data\BUS-CoT\006371.png,1
data\BUS-CoT\006372.png,1
data\BUS-CoT\006373.png,1
data\BUS-CoT\006374.png,1
data\BUS-CoT\006375.png,1
data\BUS-CoT\006376.png,1
data\BUS-CoT\006378.png,1
data\BUS-CoT\006379.png,1
data\BUS-CoT\006380.png,1
data\BUS-CoT\006381.png,1
data\BUS-CoT\006382.png,1
data\BUS-CoT\006383.png,1
data\BUS-CoT\006384.png,1
data\BUS-CoT\006385.png,1
data\BUS-CoT\006386.png,1
data\BUS-CoT\006387.png,1
data\BUS-CoT\006392.png,1
data\BUS-CoT\006393.png,1
data\BUS-CoT\006394.png,1
data\BUS-CoT\006395.png,1
data\BUS-CoT\006396.png,1
data\BUS-CoT\006397.png,1
data\BUS-CoT\006398.png,1
data\BUS-CoT\006399.png,1
data\BUS-CoT\006400.png,1
data\BUS-CoT\006401.png,1
data\BUS-CoT\006402.png,1
data\BUS-CoT\006403.png,1
data\BUS-CoT\006404.png,1
data\BUS-CoT\006405.png,1
data\BUS-CoT\006406.png,1
data\BUS-CoT\006407.png,1
data\BUS-CoT\006408.png,1
data\BUS-CoT\006409.png,1
data\BUS-CoT\006410.png,1
data\BUS-CoT\006414.png,1
data\BUS-CoT\006417.png,1
data\BUS-CoT\006419.png,1
data\BUS-CoT\006421.png,1
data\BUS-CoT\006422.png,1
data\BUS-CoT\006423.png,1
data\BUS-CoT\006424.png,1
data\BUS-CoT\006425.png,1
data\BUS-CoT\006426.png,1
data\BUS-CoT\006427.png,1
data\BUS-CoT\006430.png,1
data\BUS-CoT\006431.png,1
data\BUS-CoT\006432.png,1
data\BUS-CoT\006434.png,1
data\BUS-CoT\006437.png,1
data\BUS-CoT\006438.png,1
data\BUS-CoT\006441.png,1
data\BUS-CoT\006442.png,1
data\BUS-CoT\006443.png,1
data\BUS-CoT\006444.png,1
data\BUS-CoT\006445.png,1
data\BUS-CoT\006447.png,1
data\BUS-CoT\006448.png,1
data\BUS-CoT\006451.png,1
data\BUS-CoT\006459.png,2
data\BUS-CoT\006460.png,2
data\BUS-CoT\006461.png,2
data\BUS-CoT\006462.png,2
data\BUS-CoT\006463.png,2
data\BUS-CoT\006464.png,2
data\BUS-CoT\006465.png,2
data\BUS-CoT\006466.png,2
data\BUS-CoT\006468.png,2
data\BUS-CoT\006470.png,2
data\BUS-CoT\006471.png,2
data\BUS-CoT\006472.png,2
data\BUS-CoT\006473.png,2
data\BUS-CoT\006474.png,2
data\BUS-CoT\006475.png,2
data\BUS-CoT\006476.png,2
data\BUS-CoT\006477.png,2
data\BUS-CoT\006478.png,2
data\BUS-CoT\006480.png,2
data\BUS-CoT\006481.png,2
data\BUS-CoT\006482.png,2
data\BUS-CoT\006483.png,2
data\BUS-CoT\006484.png,2
data\BUS-CoT\006485.png,2
data\BUS-CoT\006486.png,2
data\BUS-CoT\006487.png,2
data\BUS-CoT\006488.png,2
data\BUS-CoT\006492.png,2
data\BUS-CoT\006493.png,2
data\BUS-CoT\006494.png,2
data\BUS-CoT\006495.png,2
data\BUS-CoT\006496.png,2
data\BUS-CoT\006497.png,2
data\BUS-CoT\006498.png,2
data\BUS-CoT\006504.png,2
data\BUS-CoT\006545.png,1
data\BUS-CoT\006547.png,1
data\BUS-CoT\006548.png,1
data\BUS-CoT\006550.png,1
data\BUS-CoT\006551.png,1
data\BUS-CoT\006553.png,1
data\BUS-CoT\006555.png,1
data\BUS-CoT\006556.png,1
data\BUS-CoT\006557.png,1
data\BUS-CoT\006558.png,1
data\BUS-CoT\006559.png,1
data\BUS-CoT\006560.png,1
data\BUS-CoT\006561.png,1
data\BUS-CoT\006562.png,1
data\BUS-CoT\006563.png,1
data\BUS-CoT\006564.png,1
data\BUS-CoT\006565.png,1
data\BUS-CoT\006566.png,1
data\BUS-CoT\006567.png,1
data\BUS-CoT\006568.png,1
data\BUS-CoT\006569.png,1
data\BUS-CoT\006570.png,1
data\BUS-CoT\006571.png,1
data\BUS-CoT\006572.png,1
data\BUS-CoT\006573.png,1
data\BUS-CoT\006574.png,1
data\BUS-CoT\006575.png,1
data\BUS-CoT\006576.png,1
data\BUS-CoT\006577.png,1
data\BUS-CoT\006578.png,1
data\BUS-CoT\006579.png,1
data\BUS-CoT\006580.png,1
data\BUS-CoT\006581.png,1
data\BUS-CoT\006582.png,1
data\BUS-CoT\006583.png,1
data\BUS-CoT\006584.png,1
data\BUS-CoT\006585.png,1
data\BUS-CoT\006590.png,1
data\BUS-CoT\006591.png,1
data\BUS-CoT\006592.png,1
data\BUS-CoT\006593.png,1
data\BUS-CoT\006594.png,1
data\BUS-CoT\006595.png,1
data\BUS-CoT\006596.png,1
data\BUS-CoT\006597.png,1
data\BUS-CoT\006598.png,1
data\BUS-CoT\006599.png,1
data\BUS-CoT\006600.png,1
data\BUS-CoT\006601.png,1
data\BUS-CoT\006602.png,1
data\BUS-CoT\006604.png,1
data\BUS-CoT\006605.png,1
data\BUS-CoT\006606.png,1
data\BUS-CoT\006607.png,1
data\BUS-CoT\006608.png,1
data\BUS-CoT\006609.png,1
data\BUS-CoT\006610.png,1
data\BUS-CoT\006611.png,1
data\BUS-CoT\006612.png,1
data\BUS-CoT\006613.png,1
data\BUS-CoT\006614.png,1
data\BUS-CoT\006615.png,1
data\BUS-CoT\006616.png,2
data\BUS-CoT\006620.png,2
data\BUS-CoT\006622.png,2
data\BUS-CoT\006623.png,2
data\BUS-CoT\006624.png,2
data\BUS-CoT\006625.png,2
data\BUS-CoT\006626.png,2
data\BUS-CoT\006627.png,2
data\BUS-CoT\006628.png,2
data\BUS-CoT\006629.png,2
data\BUS-CoT\006630.png,2
data\BUS-CoT\006631.png,2
data\BUS-CoT\006633.png,2
data\BUS-CoT\006634.png,2
data\BUS-CoT\006636.png,2
data\BUS-CoT\006637.png,2
data\BUS-CoT\006638.png,2
data\BUS-CoT\006639.png,2
data\BUS-CoT\006640.png,2
data\BUS-CoT\006641.png,2
data\BUS-CoT\006642.png,2
data\BUS-CoT\006643.png,2
data\BUS-CoT\006644.png,2
data\BUS-CoT\006646.png,2
data\BUS-CoT\006649.png,2
data\BUS-CoT\006650.png,2
data\BUS-CoT\006651.png,2
data\BUS-CoT\006652.png,2
data\BUS-CoT\006656.png,2
data\BUS-CoT\006658.png,2
data\BUS-CoT\006659.png,2
data\BUS-CoT\006660.png,2
data\BUS-CoT\006661.png,2
data\BUS-CoT\006662.png,2
data\BUS-CoT\006663.png,2
data\BUS-CoT\006664.png,2
data\BUS-CoT\006665.png,2
data\BUS-CoT\006666.png,2
data\BUS-CoT\006667.png,2
data\BUS-CoT\006668.png,2
data\BUS-CoT\006669.png,2
data\BUS-CoT\006670.png,2
data\BUS-CoT\006671.png,2
data\BUS-CoT\006672.png,2
data\BUS-CoT\006673.png,2
data\BUS-CoT\006675.png,2
data\BUS-CoT\006676.png,2
data\BUS-CoT\006677.png,2
data\BUS-CoT\006678.png,2
data\BUS-CoT\006682.png,2
data\BUS-CoT\006684.png,2
data\BUS-CoT\006686.png,2
data\BUS-CoT\006690.png,2
data\BUS-CoT\006694.png,2
data\BUS-CoT\006695.png,2
data\BUS-CoT\006697.png,2
data\BUS-CoT\006703.png,2
data\BUS-CoT\006704.png,2
data\BUS-CoT\006705.png,2
data\BUS-CoT\006707.png,2
data\BUS-CoT\006708.png,2
data\BUS-CoT\006709.png,2
data\BUS-CoT\006711.png,2
data\BUS-CoT\006712.png,2
data\BUS-CoT\006715.png,1
data\BUS-CoT\006716.png,1
data\BUS-CoT\006717.png,1
data\BUS-CoT\006718.png,1
data\BUS-CoT\006719.png,1
data\BUS-CoT\006720.png,1
data\BUS-CoT\006721.png,1
data\BUS-CoT\006722.png,1
data\BUS-CoT\006723.png,1
data\BUS-CoT\006724.png,1
data\BUS-CoT\006725.png,1
data\BUS-CoT\006726.png,1
data\BUS-CoT\006727.png,1
data\BUS-CoT\006728.png,1
data\BUS-CoT\006729.png,1
data\BUS-CoT\006730.png,1
data\BUS-CoT\006731.png,1
data\BUS-CoT\006734.png,1
data\BUS-CoT\006737.png,1
data\BUS-CoT\006739.png,1
data\BUS-CoT\006740.png,1
data\BUS-CoT\006786.png,1
data\BUS-CoT\006787.png,1
data\BUS-CoT\006788.png,1
data\BUS-CoT\006789.png,1
data\BUS-CoT\006790.png,1
data\BUS-CoT\006791.png,1
data\BUS-CoT\006792.png,1
data\BUS-CoT\006798.png,1
data\BUS-CoT\006909.png,2
data\BUS-CoT\006911.png,2
data\BUS-CoT\006912.png,2
data\BUS-CoT\006914.png,2
data\BUS-CoT\006916.png,2
data\BUS-CoT\006918.png,2
data\BUS-CoT\006922.png,2
data\BUS-CoT\006925.png,2
data\BUS-CoT\006939.png,2
data\BUS-CoT\007002.png,2
data\BUS-CoT\007003.png,2
data\BUS-CoT\007006.png,2
data\BUS-CoT\007008.png,2
data\BUS-CoT\007009.png,2
data\BUS-CoT\007010.png,2
data\BUS-CoT\007011.png,2
data\BUS-CoT\007012.png,2
data\BUS-CoT\007013.png,2
data\BUS-CoT\007014.png,2
data\BUS-CoT\007015.png,2
data\BUS-CoT\007016.png,2
data\BUS-CoT\007017.png,2
data\BUS-CoT\007018.png,2
data\BUS-CoT\007021.png,1
data\BUS-CoT\007022.png,1
data\BUS-CoT\007023.png,1
data\BUS-CoT\007024.png,1
data\BUS-CoT\007025.png,1
data\BUS-CoT\007026.png,1
data\BUS-CoT\007027.png,1
data\BUS-CoT\007028.png,1
data\BUS-CoT\007029.png,1
data\BUS-CoT\007030.png,1
data\BUS-CoT\007033.png,1
data\BUS-CoT\007034.png,1
data\BUS-CoT\007044.png,1
data\BUS-CoT\007045.png,1
data\BUS-CoT\007046.png,1
data\BUS-CoT\007047.png,1
data\BUS-CoT\007048.png,1
data\BUS-CoT\007049.png,1
data\BUS-CoT\007050.png,1
data\BUS-CoT\007051.png,1
data\BUS-CoT\007053.png,1
data\BUS-CoT\007055.png,1
data\BUS-CoT\007056.png,1
data\BUS-CoT\007057.png,1
data\BUS-CoT\007059.png,1
data\BUS-CoT\007060.png,1
data\BUS-CoT\007061.png,1
data\BUS-CoT\007062.png,1
data\BUS-CoT\007063.png,1
data\BUS-CoT\007064.png,1
data\BUS-CoT\007066.png,1
data\BUS-CoT\007067.png,1
data\BUS-CoT\007069.png,1
data\BUS-CoT\007072.png,2
data\BUS-CoT\007073.png,2
data\BUS-CoT\007074.png,2
data\BUS-CoT\007075.png,2
data\BUS-CoT\007076.png,2
data\BUS-CoT\007077.png,2
data\BUS-CoT\007079.png,2
data\BUS-CoT\007080.png,2
data\BUS-CoT\007082.png,2
data\BUS-CoT\007083.png,2
data\BUS-CoT\007084.png,2
data\BUS-CoT\007089.png,2
data\BUS-CoT\007090.png,2
data\BUS-CoT\007091.png,2
data\BUS-CoT\007092.png,1
data\BUS-CoT\007093.png,1
data\BUS-CoT\007094.png,1
data\BUS-CoT\007095.png,1
data\BUS-CoT\007096.png,1
data\BUS-CoT\007097.png,1
data\BUS-CoT\007098.png,1
data\BUS-CoT\007099.png,1
data\BUS-CoT\007100.png,1
data\BUS-CoT\007101.png,1
data\BUS-CoT\007102.png,1
data\BUS-CoT\007103.png,1
data\BUS-CoT\007104.png,1
data\BUS-CoT\007105.png,1
data\BUS-CoT\007106.png,1
data\BUS-CoT\007107.png,1
data\BUS-CoT\007108.png,1
data\BUS-CoT\007109.png,1
data\BUS-CoT\007111.png,1
data\BUS-CoT\007116.png,1
data\BUS-CoT\007117.png,1
data\BUS-CoT\007118.png,1
data\BUS-CoT\007119.png,1
data\BUS-CoT\007120.png,1
data\BUS-CoT\007121.png,1
data\BUS-CoT\007122.png,1
data\BUS-CoT\007125.png,1
data\BUS-CoT\007126.png,1
data\BUS-CoT\007128.png,1
data\BUS-CoT\007134.png,1
data\BUS-CoT\007135.png,1
data\BUS-CoT\007137.png,1
data\BUS-CoT\007139.png,1
data\BUS-CoT\007143.png,2
data\BUS-CoT\007144.png,2
data\BUS-CoT\007145.png,1
data\BUS-CoT\007146.png,1
data\BUS-CoT\007147.png,2
data\BUS-CoT\007148.png,2
data\BUS-CoT\007149.png,2
data\BUS-CoT\007150.png,2
data\BUS-CoT\007152.png,2
data\BUS-CoT\007153.png,2
data\BUS-CoT\007154.png,2
data\BUS-CoT\007156.png,2
data\BUS-CoT\007157.png,2
data\BUS-CoT\007158.png,2
data\BUS-CoT\007159.png,2
data\BUS-CoT\007160.png,2
data\BUS-CoT\007161.png,2
data\BUS-CoT\007162.png,2
data\BUS-CoT\007163.png,2
data\BUS-CoT\007164.png,2
data\BUS-CoT\007165.png,2
data\BUS-CoT\007166.png,2
data\BUS-CoT\007167.png,2
data\BUS-CoT\007168.png,2
data\BUS-CoT\007169.png,2
data\BUS-CoT\007170.png,2
data\BUS-CoT\007171.png,2
data\BUS-CoT\007172.png,2
data\BUS-CoT\007173.png,2
data\BUS-CoT\007174.png,2
data\BUS-CoT\007175.png,2
data\BUS-CoT\007176.png,2
data\BUS-CoT\007177.png,2
data\BUS-CoT\007178.png,2
data\BUS-CoT\007179.png,2
data\BUS-CoT\007180.png,2
data\BUS-CoT\007182.png,2
data\BUS-CoT\007183.png,2
data\BUS-CoT\007191.png,2
data\BUS-CoT\007192.png,2
data\BUS-CoT\007193.png,2
data\BUS-CoT\007194.png,1
data\BUS-CoT\007195.png,1
data\BUS-CoT\007196.png,1
data\BUS-CoT\007197.png,1
data\BUS-CoT\007198.png,2
data\BUS-CoT\007199.png,1
data\BUS-CoT\007200.png,1
data\BUS-CoT\007201.png,1
data\BUS-CoT\007202.png,1
data\BUS-CoT\007203.png,1
data\BUS-CoT\007204.png,1
data\BUS-CoT\007206.png,1
data\BUS-CoT\007207.png,1
data\BUS-CoT\007208.png,1
data\BUS-CoT\007209.png,1
data\BUS-CoT\007210.png,1
data\BUS-CoT\007212.png,1
data\BUS-CoT\007213.png,1
data\BUS-CoT\007215.png,1
data\BUS-CoT\007216.png,1
data\BUS-CoT\007217.png,1
data\BUS-CoT\007253.png,2
data\BUS-CoT\007254.png,2
data\BUS-CoT\007256.png,2
data\BUS-CoT\007257.png,2
data\BUS-CoT\007258.png,2
data\BUS-CoT\007259.png,2
data\BUS-CoT\007260.png,2
data\BUS-CoT\007261.png,2
data\BUS-CoT\007262.png,2
data\BUS-CoT\007264.png,2
data\BUS-CoT\007265.png,1
data\BUS-CoT\007267.png,1
data\BUS-CoT\007268.png,1
data\BUS-CoT\007269.png,1
data\BUS-CoT\007271.png,1
data\BUS-CoT\007272.png,1
data\BUS-CoT\007273.png,1
data\BUS-CoT\007274.png,1
data\BUS-CoT\007275.png,1
data\BUS-CoT\007277.png,1
data\BUS-CoT\007278.png,1
data\BUS-CoT\007279.png,1
data\BUS-CoT\007280.png,1
data\BUS-CoT\007281.png,1
data\BUS-CoT\007282.png,1
data\BUS-CoT\007284.png,1
data\BUS-CoT\007285.png,1
data\BUS-CoT\007286.png,1
data\BUS-CoT\007287.png,1
data\BUS-CoT\007288.png,1
data\BUS-CoT\007289.png,1
data\BUS-CoT\007290.png,1
data\BUS-CoT\007291.png,1
data\BUS-CoT\007292.png,1
data\BUS-CoT\007293.png,1
data\BUS-CoT\007294.png,1
data\BUS-CoT\007295.png,1
data\BUS-CoT\007296.png,1
data\BUS-CoT\007297.png,1
data\BUS-CoT\007298.png,1
data\BUS-CoT\007299.png,1
data\BUS-CoT\007300.png,1
data\BUS-CoT\007301.png,1
data\BUS-CoT\007302.png,1
data\BUS-CoT\007303.png,1
data\BUS-CoT\007305.png,1
data\BUS-CoT\007306.png,1
data\BUS-CoT\007307.png,1
data\BUS-CoT\007308.png,1
data\BUS-CoT\007309.png,1
data\BUS-CoT\007314.png,1
data\BUS-CoT\007315.png,1
data\BUS-CoT\007316.png,1
data\BUS-CoT\007317.png,2
data\BUS-CoT\007318.png,2
data\BUS-CoT\007319.png,2
data\BUS-CoT\007320.png,1
data\BUS-CoT\007321.png,2
data\BUS-CoT\007322.png,2
data\BUS-CoT\007323.png,2
data\BUS-CoT\007324.png,2
data\BUS-CoT\007325.png,2
data\BUS-CoT\007326.png,2
data\BUS-CoT\007327.png,2
data\BUS-CoT\007328.png,2
data\BUS-CoT\007330.png,2
data\BUS-CoT\007331.png,2
data\BUS-CoT\007332.png,2
data\BUS-CoT\007333.png,2
data\BUS-CoT\007334.png,2
data\BUS-CoT\007336.png,2
data\BUS-CoT\007338.png,2
data\BUS-CoT\007339.png,2
data\BUS-CoT\007340.png,2
data\BUS-CoT\007341.png,2
data\BUS-CoT\007342.png,2
data\BUS-CoT\007343.png,2
data\BUS-CoT\007344.png,2
data\BUS-CoT\007345.png,2
data\BUS-CoT\007346.png,2
data\BUS-CoT\007347.png,2
data\BUS-CoT\007349.png,2
data\BUS-CoT\007350.png,2
data\BUS-CoT\007355.png,2
data\BUS-CoT\007356.png,2
data\BUS-CoT\007357.png,2
data\BUS-CoT\007358.png,2
data\BUS-CoT\007359.png,2
data\BUS-CoT\007360.png,2
data\BUS-CoT\007361.png,2
data\BUS-CoT\007362.png,2
data\BUS-CoT\007363.png,2
data\BUS-CoT\007364.png,2
data\BUS-CoT\007365.png,2
data\BUS-CoT\007366.png,2
data\BUS-CoT\007368.png,2
data\BUS-CoT\007369.png,2
data\BUS-CoT\007371.png,2
data\BUS-CoT\007373.png,2
data\BUS-CoT\007374.png,2
data\BUS-CoT\007375.png,2
data\BUS-CoT\007376.png,2
data\BUS-CoT\007377.png,2
data\BUS-CoT\007378.png,2
data\BUS-CoT\007379.png,2
data\BUS-CoT\007381.png,2
data\BUS-CoT\007382.png,2
data\BUS-CoT\007383.png,2
data\BUS-CoT\007384.png,2
data\BUS-CoT\007385.png,2
data\BUS-CoT\007386.png,2
data\BUS-CoT\007387.png,2
data\BUS-CoT\007388.png,2
data\BUS-CoT\007389.png,2
data\BUS-CoT\007391.png,2
data\BUS-CoT\007392.png,2
data\BUS-CoT\007393.png,2
data\BUS-CoT\007394.png,2
data\BUS-CoT\007395.png,2
data\BUS-CoT\007396.png,2
data\BUS-CoT\007397.png,2
data\BUS-CoT\007398.png,2
data\BUS-CoT\007399.png,2
data\BUS-CoT\007400.png,2
data\BUS-CoT\007401.png,2
data\BUS-CoT\007402.png,2
data\BUS-CoT\007403.png,2
data\BUS-CoT\007404.png,2
data\BUS-CoT\007405.png,2
data\BUS-CoT\007406.png,2
data\BUS-CoT\007407.png,2
data\BUS-CoT\007408.png,2
data\BUS-CoT\007409.png,2
data\BUS-CoT\007410.png,2
data\BUS-CoT\007411.png,2
data\BUS-CoT\007412.png,2
data\BUS-CoT\007413.png,2
data\BUS-CoT\007414.png,2
data\BUS-CoT\007415.png,2
data\BUS-CoT\007417.png,2
data\BUS-CoT\007419.png,2
data\BUS-CoT\007420.png,2
data\BUS-CoT\007421.png,2
data\BUS-CoT\007422.png,2
data\BUS-CoT\007423.png,2
data\BUS-CoT\007424.png,2
data\BUS-CoT\007426.png,2
data\BUS-CoT\007427.png,2
data\BUS-CoT\007428.png,2
data\BUS-CoT\007429.png,2
data\BUS-CoT\007430.png,2
data\BUS-CoT\007431.png,2
data\BUS-CoT\007432.png,2
data\BUS-CoT\007433.png,2
data\BUS-CoT\007434.png,2
data\BUS-CoT\007435.png,2
data\BUS-CoT\007436.png,2
data\BUS-CoT\007437.png,2
data\BUS-CoT\007438.png,2
data\BUS-CoT\007439.png,2
data\BUS-CoT\007440.png,2
data\BUS-CoT\007441.png,2
data\BUS-CoT\007442.png,2
data\BUS-CoT\007443.png,2
data\BUS-CoT\007444.png,2
data\BUS-CoT\007445.png,2
data\BUS-CoT\007447.png,2
data\BUS-CoT\007448.png,2
data\BUS-CoT\007449.png,2
data\BUS-CoT\007450.png,2
data\BUS-CoT\007451.png,2
data\BUS-CoT\007452.png,2
data\BUS-CoT\007453.png,2
data\BUS-CoT\007454.png,2
data\BUS-CoT\007455.png,2
data\BUS-CoT\007456.png,2
data\BUS-CoT\007457.png,2
data\BUS-CoT\007458.png,2
data\BUS-CoT\007459.png,2
data\BUS-CoT\007460.png,2
data\BUS-CoT\007461.png,2
data\BUS-CoT\007463.png,2
data\BUS-CoT\007464.png,2
data\BUS-CoT\007470.png,2
data\BUS-CoT\007472.png,2
data\BUS-CoT\007473.png,2
data\BUS-CoT\007474.png,2
data\BUS-CoT\007475.png,2
data\BUS-CoT\007477.png,2
data\BUS-CoT\007480.png,2
data\BUS-CoT\007481.png,2
data\BUS-CoT\007482.png,2
data\BUS-CoT\007483.png,2
data\BUS-CoT\007484.png,2
data\BUS-CoT\007485.png,2
data\BUS-CoT\007486.png,2
data\BUS-CoT\007487.png,2
data\BUS-CoT\007488.png,2
data\BUS-CoT\007489.png,2
data\BUS-CoT\007490.png,2
data\BUS-CoT\007491.png,2
data\BUS-CoT\007492.png,2
data\BUS-CoT\007493.png,2
data\BUS-CoT\007494.png,2
data\BUS-CoT\007495.png,2
data\BUS-CoT\007496.png,2
data\BUS-CoT\007497.png,2
data\BUS-CoT\007498.png,2
data\BUS-CoT\007499.png,2
data\BUS-CoT\007500.png,2
data\BUS-CoT\007501.png,2
data\BUS-CoT\007502.png,2
data\BUS-CoT\007504.png,2
data\BUS-CoT\007505.png,2
data\BUS-CoT\007506.png,2
data\BUS-CoT\007507.png,2
data\BUS-CoT\007508.png,2
data\BUS-CoT\007510.png,2
data\BUS-CoT\007511.png,2
data\BUS-CoT\007512.png,2
data\BUS-CoT\007513.png,2
data\BUS-CoT\007514.png,1
data\BUS-CoT\007517.png,1
data\BUS-CoT\007519.png,1
data\BUS-CoT\007520.png,1
data\BUS-CoT\007521.png,1
data\BUS-CoT\007522.png,1
data\BUS-CoT\007523.png,1
data\BUS-CoT\007524.png,1
data\BUS-CoT\007526.png,1
data\BUS-CoT\007528.png,1
data\BUS-CoT\007529.png,1
data\BUS-CoT\007530.png,1
data\BUS-CoT\007531.png,1
data\BUS-CoT\007533.png,1
data\BUS-CoT\007534.png,1
data\BUS-CoT\007536.png,1
data\BUS-CoT\007537.png,1
data\BUS-CoT\007538.png,1
data\BUS-CoT\007539.png,1
data\BUS-CoT\007541.png,1
data\BUS-CoT\007542.png,1
data\BUS-CoT\007543.png,1
data\BUS-CoT\007545.png,1
data\BUS-CoT\007546.png,1
data\BUS-CoT\007547.png,1
data\BUS-CoT\007548.png,1
data\BUS-CoT\007549.png,1
data\BUS-CoT\007550.png,1
data\BUS-CoT\007551.png,1
data\BUS-CoT\007553.png,1
data\BUS-CoT\007554.png,1
data\BUS-CoT\007555.png,1
data\BUS-CoT\007556.png,1
data\BUS-CoT\007558.png,1
data\BUS-CoT\007559.png,1
data\BUS-CoT\007560.png,1
data\BUS-CoT\007561.png,1
data\BUS-CoT\007562.png,1
data\BUS-CoT\007563.png,1
data\BUS-CoT\007565.png,1
data\BUS-CoT\007566.png,1
data\BUS-CoT\007568.png,1
data\BUS-CoT\007569.png,1
data\BUS-CoT\007570.png,1
data\BUS-CoT\007571.png,1
data\BUS-CoT\007572.png,1
data\BUS-CoT\007573.png,1
data\BUS-CoT\007574.png,1
data\BUS-CoT\007575.png,1
data\BUS-CoT\007578.png,1
data\BUS-CoT\007579.png,1
data\BUS-CoT\007580.png,1
data\BUS-CoT\007582.png,1
data\BUS-CoT\007583.png,1
data\BUS-CoT\007585.png,1
data\BUS-CoT\007586.png,1
data\BUS-CoT\007587.png,1
data\BUS-CoT\007588.png,1
data\BUS-CoT\007589.png,1
data\BUS-CoT\007590.png,1
data\BUS-CoT\007591.png,1
data\BUS-CoT\007592.png,1
data\BUS-CoT\007593.png,1
data\BUS-CoT\007594.png,1
data\BUS-CoT\007595.png,1
data\BUS-CoT\007596.png,1
data\BUS-CoT\007597.png,1
data\BUS-CoT\007598.png,1
data\BUS-CoT\007599.png,1
data\BUS-CoT\007600.png,1
data\BUS-CoT\007601.png,1
data\BUS-CoT\007602.png,1
data\BUS-CoT\007603.png,1
data\BUS-CoT\007604.png,1
data\BUS-CoT\007605.png,1
data\BUS-CoT\007606.png,1
data\BUS-CoT\007607.png,1
data\BUS-CoT\007609.png,1
data\BUS-CoT\007611.png,1
data\BUS-CoT\007612.png,2
data\BUS-CoT\007613.png,1
data\BUS-CoT\007614.png,2
data\BUS-CoT\007615.png,2
data\BUS-CoT\007616.png,2
data\BUS-CoT\007617.png,2
data\BUS-CoT\007618.png,2
data\BUS-CoT\007619.png,2
data\BUS-CoT\007622.png,2
data\BUS-CoT\007623.png,2
data\BUS-CoT\007624.png,2
data\BUS-CoT\007625.png,2
data\BUS-CoT\007626.png,2
data\BUS-CoT\007636.png,2
data\BUS-CoT\007637.png,2
data\BUS-CoT\007638.png,2
data\BUS-CoT\007640.png,2
data\BUS-CoT\007641.png,2
data\BUS-CoT\007643.png,2
data\BUS-CoT\007644.png,2
data\BUS-CoT\007645.png,2
data\BUS-CoT\007646.png,2
data\BUS-CoT\007647.png,2
data\BUS-CoT\007648.png,2
data\BUS-CoT\007649.png,1
data\BUS-CoT\007650.png,1
data\BUS-CoT\007651.png,1
data\BUS-CoT\007652.png,1
data\BUS-CoT\007653.png,1
data\BUS-CoT\007654.png,1
data\BUS-CoT\007655.png,1
data\BUS-CoT\007656.png,1
data\BUS-CoT\007657.png,1
data\BUS-CoT\007658.png,1
data\BUS-CoT\007659.png,1
data\BUS-CoT\007660.png,1
data\BUS-CoT\007661.png,1
data\BUS-CoT\007662.png,1
data\BUS-CoT\007663.png,1
data\BUS-CoT\007665.png,1
data\BUS-CoT\007666.png,1
data\BUS-CoT\007669.png,1
data\BUS-CoT\007670.png,1
data\BUS-CoT\007671.png,1
data\BUS-CoT\007672.png,1
data\BUS-CoT\007673.png,1
data\BUS-CoT\007674.png,1
data\BUS-CoT\007677.png,1
data\BUS-CoT\007678.png,1
data\BUS-CoT\007679.png,1
data\BUS-CoT\007681.png,1
data\BUS-CoT\007683.png,1
data\BUS-CoT\007685.png,1
data\BUS-CoT\007687.png,1
data\BUS-CoT\007688.png,1
data\BUS-CoT\007690.png,1
data\BUS-CoT\007692.png,1
data\BUS-CoT\007695.png,1
data\BUS-CoT\007696.png,1
data\BUS-CoT\007697.png,1
data\BUS-CoT\007698.png,1
data\BUS-CoT\007700.png,2
data\BUS-CoT\007701.png,2
data\BUS-CoT\007702.png,2
data\BUS-CoT\007703.png,2
data\BUS-CoT\007704.png,2
data\BUS-CoT\007705.png,2
data\BUS-CoT\007706.png,2
data\BUS-CoT\007707.png,2
data\BUS-CoT\007762.png,2
data\BUS-CoT\007763.png,2
data\BUS-CoT\007768.png,2
data\BUS-CoT\007769.png,2
data\BUS-CoT\007770.png,2
data\BUS-CoT\007773.png,2
data\BUS-CoT\007774.png,2
data\BUS-CoT\007775.png,2
data\BUS-CoT\007776.png,2
data\BUS-CoT\007777.png,2
data\BUS-CoT\007778.png,2
data\BUS-CoT\007779.png,2
data\BUS-CoT\007780.png,2
data\BUS-CoT\007783.png,2
data\BUS-CoT\007784.png,2
data\BUS-CoT\007785.png,2
data\BUS-CoT\007786.png,2
data\BUS-CoT\007787.png,2
data\BUS-CoT\007789.png,2
data\BUS-CoT\007791.png,2
data\BUS-CoT\007792.png,2
data\BUS-CoT\007794.png,2
data\BUS-CoT\007795.png,2
data\BUS-CoT\007797.png,2
data\BUS-CoT\007799.png,2
data\BUS-CoT\007812.png,2
data\BUS-CoT\007813.png,2
data\BUS-CoT\007814.png,2
data\BUS-CoT\007815.png,2
data\BUS-CoT\007816.png,2
data\BUS-CoT\007817.png,2
data\BUS-CoT\007818.png,2
data\BUS-CoT\007819.png,2
data\BUS-CoT\007820.png,2
data\BUS-CoT\007821.png,2
data\BUS-CoT\007823.png,2
data\BUS-CoT\007824.png,2
data\BUS-CoT\007825.png,2
data\BUS-CoT\007826.png,2
data\BUS-CoT\007827.png,2
data\BUS-CoT\007828.png,2
data\BUS-CoT\007829.png,2
data\BUS-CoT\007830.png,2
data\BUS-CoT\007831.png,2
data\BUS-CoT\007832.png,2
data\BUS-CoT\007833.png,2
data\BUS-CoT\007834.png,2
data\BUS-CoT\007835.png,2
data\BUS-CoT\007844.png,2
data\BUS-CoT\007845.png,2
data\BUS-CoT\007846.png,2
data\BUS-CoT\007847.png,2
data\BUS-CoT\007849.png,2
data\BUS-CoT\007850.png,2
data\BUS-CoT\007851.png,2
data\BUS-CoT\007853.png,2
data\BUS-CoT\007854.png,2
data\BUS-CoT\007855.png,2
data\BUS-CoT\007857.png,2
data\BUS-CoT\007858.png,1
data\BUS-CoT\007859.png,1
data\BUS-CoT\007860.png,1
data\BUS-CoT\007861.png,1
data\BUS-CoT\007862.png,1
data\BUS-CoT\007863.png,1
data\BUS-CoT\007864.png,1
data\BUS-CoT\007865.png,1
data\BUS-CoT\007866.png,1
data\BUS-CoT\007867.png,1
data\BUS-CoT\007868.png,1
data\BUS-CoT\007869.png,1
data\BUS-CoT\007870.png,1
data\BUS-CoT\007871.png,1
data\BUS-CoT\007873.png,1
data\BUS-CoT\007874.png,1
data\BUS-CoT\007875.png,1
data\BUS-CoT\007876.png,1
data\BUS-CoT\007877.png,1
data\BUS-CoT\007878.png,1
data\BUS-CoT\007879.png,1
data\BUS-CoT\007880.png,1
data\BUS-CoT\007881.png,1
data\BUS-CoT\007882.png,1
data\BUS-CoT\007883.png,1
data\BUS-CoT\007884.png,1
data\BUS-CoT\007885.png,1
data\BUS-CoT\007887.png,1
data\BUS-CoT\007888.png,1
data\BUS-CoT\007889.png,1
data\BUS-CoT\007890.png,1
data\BUS-CoT\007891.png,1
data\BUS-CoT\007892.png,1
data\BUS-CoT\007893.png,1
data\BUS-CoT\007894.png,1
data\BUS-CoT\007895.png,1
data\BUS-CoT\007896.png,1
data\BUS-CoT\007897.png,1
data\BUS-CoT\007898.png,1
data\BUS-CoT\007899.png,1
data\BUS-CoT\007900.png,1
data\BUS-CoT\007901.png,1
data\BUS-CoT\007902.png,1
data\BUS-CoT\007903.png,1
data\BUS-CoT\007904.png,1
data\BUS-CoT\007905.png,1
data\BUS-CoT\007906.png,1
data\BUS-CoT\007907.png,1
data\BUS-CoT\007908.png,1
data\BUS-CoT\007909.png,1
data\BUS-CoT\007910.png,1
data\BUS-CoT\007911.png,1
data\BUS-CoT\007912.png,1
data\BUS-CoT\007913.png,1
data\BUS-CoT\007914.png,1
data\BUS-CoT\007915.png,1
data\BUS-CoT\007916.png,1
data\BUS-CoT\007917.png,1
data\BUS-CoT\007918.png,1
data\BUS-CoT\007919.png,1
data\BUS-CoT\007920.png,1
data\BUS-CoT\007922.png,1
data\BUS-CoT\007924.png,1
data\BUS-CoT\007925.png,1
data\BUS-CoT\007926.png,1
data\BUS-CoT\007929.png,1
data\BUS-CoT\007930.png,1
data\BUS-CoT\007931.png,1
data\BUS-CoT\007937.png,1
data\BUS-CoT\007938.png,1
data\BUS-CoT\007939.png,1
data\BUS-CoT\007940.png,1
data\BUS-CoT\007941.png,1
data\BUS-CoT\007975.png,1
data\BUS-CoT\007976.png,1
data\BUS-CoT\007977.png,2
data\BUS-CoT\007978.png,1
data\BUS-CoT\007979.png,1
data\BUS-CoT\007980.png,2
data\BUS-CoT\007982.png,2
data\BUS-CoT\007983.png,2
data\BUS-CoT\007984.png,2
data\BUS-CoT\007985.png,2
data\BUS-CoT\007986.png,2
data\BUS-CoT\007987.png,2
data\BUS-CoT\007988.png,2
data\BUS-CoT\007989.png,2
data\BUS-CoT\007993.png,2
data\BUS-CoT\007994.png,2
data\BUS-CoT\007995.png,2
data\BUS-CoT\007998.png,2
data\BUS-CoT\007999.png,2
data\BUS-CoT\008002.png,2
data\BUS-CoT\008008.png,2
data\BUS-CoT\008009.png,2
data\BUS-CoT\008010.png,2
data\BUS-CoT\008011.png,2
data\BUS-CoT\008012.png,2
data\BUS-CoT\008013.png,2
data\BUS-CoT\008014.png,2
data\BUS-CoT\008015.png,2
data\BUS-CoT\008016.png,2
data\BUS-CoT\008017.png,2
data\BUS-CoT\008018.png,2
data\BUS-CoT\008019.png,2
data\BUS-CoT\008020.png,2
data\BUS-CoT\008021.png,2
data\BUS-CoT\008024.png,2
data\BUS-CoT\008025.png,2
data\BUS-CoT\008026.png,2
data\BUS-CoT\008027.png,2
data\BUS-CoT\008030.png,1
data\BUS-CoT\008032.png,1
data\BUS-CoT\008034.png,1
data\BUS-CoT\008039.png,1
data\BUS-CoT\008041.png,1
data\BUS-CoT\008044.png,1
data\BUS-CoT\008047.png,1
data\BUS-CoT\008048.png,1
data\BUS-CoT\008050.png,1
data\BUS-CoT\008055.png,1
data\BUS-CoT\008056.png,1
data\BUS-CoT\008057.png,1
data\BUS-CoT\008058.png,1
data\BUS-CoT\008059.png,1
data\BUS-CoT\008060.png,1
data\BUS-CoT\008061.png,1
data\BUS-CoT\008062.png,1
data\BUS-CoT\008071.png,1
data\BUS-CoT\008072.png,1
data\BUS-CoT\008073.png,1
data\BUS-CoT\008074.png,1
data\BUS-CoT\008076.png,1
data\BUS-CoT\008077.png,1
data\BUS-CoT\008078.png,1
data\BUS-CoT\008079.png,1
data\BUS-CoT\008080.png,1
data\BUS-CoT\008081.png,1
data\BUS-CoT\008082.png,1
data\BUS-CoT\008083.png,1
data\BUS-CoT\008085.png,1
data\BUS-CoT\008086.png,1
data\BUS-CoT\008087.png,1
data\BUS-CoT\008088.png,1
data\BUS-CoT\008089.png,1
data\BUS-CoT\008090.png,1
data\BUS-CoT\008091.png,1
data\BUS-CoT\008092.png,1
data\BUS-CoT\008094.png,1
data\BUS-CoT\008097.png,1
data\BUS-CoT\008101.png,1
data\BUS-CoT\008102.png,1
data\BUS-CoT\008103.png,1
data\BUS-CoT\008104.png,1
data\BUS-CoT\008105.png,1
data\BUS-CoT\008106.png,1
data\BUS-CoT\008107.png,1
data\BUS-CoT\008110.png,1
data\BUS-CoT\008111.png,1
data\BUS-CoT\008112.png,1
data\BUS-CoT\008113.png,1
data\BUS-CoT\008114.png,1
data\BUS-CoT\008115.png,1
data\BUS-CoT\008116.png,1
data\BUS-CoT\008117.png,1
data\BUS-CoT\008118.png,1
data\BUS-CoT\008120.png,1
data\BUS-CoT\008121.png,1
data\BUS-CoT\008122.png,1
data\BUS-CoT\008125.png,1
data\BUS-CoT\008129.png,1
data\BUS-CoT\008136.png,1
data\BUS-CoT\008137.png,1
data\BUS-CoT\008138.png,1
data\BUS-CoT\008139.png,1
data\BUS-CoT\008141.png,1
data\BUS-CoT\008142.png,1
data\BUS-CoT\008157.png,1
data\BUS-CoT\008158.png,1
data\BUS-CoT\008169.png,2
data\BUS-CoT\008170.png,2
data\BUS-CoT\008171.png,2
data\BUS-CoT\008172.png,2
data\BUS-CoT\008174.png,2
data\BUS-CoT\008175.png,2
data\BUS-CoT\008176.png,2
data\BUS-CoT\008177.png,2
data\BUS-CoT\008178.png,2
data\BUS-CoT\008179.png,2
data\BUS-CoT\008180.png,2
data\BUS-CoT\008181.png,2
data\BUS-CoT\008182.png,2
data\BUS-CoT\008183.png,2
data\BUS-CoT\008185.png,2
data\BUS-CoT\008186.png,2
data\BUS-CoT\008187.png,2
data\BUS-CoT\008188.png,2
data\BUS-CoT\008191.png,2
data\BUS-CoT\008192.png,2
data\BUS-CoT\008194.png,2
data\BUS-CoT\008197.png,2
data\BUS-CoT\008200.png,2
data\BUS-CoT\008201.png,2
data\BUS-CoT\008202.png,2
data\BUS-CoT\008203.png,2
data\BUS-CoT\008204.png,2
data\BUS-CoT\008205.png,2
data\BUS-CoT\008206.png,2
data\BUS-CoT\008207.png,2
data\BUS-CoT\008209.png,2
data\BUS-CoT\008228.png,2
data\BUS-CoT\008229.png,2
data\BUS-CoT\008230.png,2
data\BUS-CoT\008232.png,2
data\BUS-CoT\008233.png,2
data\BUS-CoT\008234.png,2
data\BUS-CoT\008235.png,2
data\BUS-CoT\008236.png,2
data\BUS-CoT\008237.png,2
data\BUS-CoT\008244.png,2
data\BUS-CoT\008245.png,2
data\BUS-CoT\008246.png,2
data\BUS-CoT\008247.png,2
data\BUS-CoT\008251.png,2
data\BUS-CoT\008254.png,1
data\BUS-CoT\008256.png,1
data\BUS-CoT\008258.png,1
data\BUS-CoT\008259.png,1
data\BUS-CoT\008260.png,1
data\BUS-CoT\008261.png,1
data\BUS-CoT\008262.png,1
data\BUS-CoT\008263.png,1
data\BUS-CoT\008264.png,1
data\BUS-CoT\008265.png,1
data\BUS-CoT\008266.png,1
data\BUS-CoT\008267.png,1
data\BUS-CoT\008268.png,1
data\BUS-CoT\008271.png,1
data\BUS-CoT\008272.png,1
data\BUS-CoT\008274.png,1
data\BUS-CoT\008275.png,1
data\BUS-CoT\008276.png,1
data\BUS-CoT\008277.png,1
data\BUS-CoT\008278.png,1
data\BUS-CoT\008279.png,1
data\BUS-CoT\008280.png,1
data\BUS-CoT\008281.png,1
data\BUS-CoT\008282.png,1
data\BUS-CoT\008284.png,1
data\BUS-CoT\008285.png,1
data\BUS-CoT\008288.png,1
data\BUS-CoT\008290.png,1
data\BUS-CoT\008291.png,1
data\BUS-CoT\008292.png,1
data\BUS-CoT\008293.png,1
data\BUS-CoT\008294.png,1
data\BUS-CoT\008295.png,1
data\BUS-CoT\008296.png,1
data\BUS-CoT\008297.png,1
data\BUS-CoT\008298.png,1
data\BUS-CoT\008299.png,1
data\BUS-CoT\008300.png,1
data\BUS-CoT\008301.png,1
data\BUS-CoT\008303.png,1
data\BUS-CoT\008396.png,2
data\BUS-CoT\008401.png,2
data\BUS-CoT\008406.png,2
data\BUS-CoT\008407.png,2
data\BUS-CoT\008410.png,2
data\BUS-CoT\008412.png,2
data\BUS-CoT\008414.png,2
data\BUS-CoT\008416.png,2
data\BUS-CoT\008417.png,2
data\BUS-CoT\008419.png,2
data\BUS-CoT\008420.png,2
data\BUS-CoT\008421.png,2
data\BUS-CoT\008426.png,2
data\BUS-CoT\008427.png,2
data\BUS-CoT\008428.png,2
data\BUS-CoT\008430.png,2
data\BUS-CoT\008431.png,2
data\BUS-CoT\008432.png,2
data\BUS-CoT\008433.png,2
data\BUS-CoT\008434.png,2
data\BUS-CoT\008435.png,2
data\BUS-CoT\008438.png,2
data\BUS-CoT\008481.png,1
data\BUS-CoT\008482.png,1
data\BUS-CoT\008489.png,1
data\BUS-CoT\008490.png,1
data\BUS-CoT\008491.png,1
data\BUS-CoT\008493.png,1
data\BUS-CoT\008495.png,1
data\BUS-CoT\008496.png,1
data\BUS-CoT\008497.png,1
data\BUS-CoT\008498.png,1
data\BUS-CoT\008499.png,1
data\BUS-CoT\008500.png,1
data\BUS-CoT\008501.png,1
data\BUS-CoT\008502.png,1
data\BUS-CoT\008503.png,1
data\BUS-CoT\008504.png,1
data\BUS-CoT\008506.png,1
data\BUS-CoT\008507.png,1
data\BUS-CoT\008510.png,1
data\BUS-CoT\008511.png,1
data\BUS-CoT\008512.png,1
data\BUS-CoT\008514.png,1
data\BUS-CoT\008516.png,1
data\BUS-CoT\008518.png,1
data\BUS-CoT\008519.png,1
data\BUS-CoT\008520.png,1
data\BUS-CoT\008521.png,1
data\BUS-CoT\008522.png,1
data\BUS-CoT\008523.png,1
data\BUS-CoT\008524.png,1
data\BUS-CoT\008525.png,1
data\BUS-CoT\008526.png,1
data\BUS-CoT\008527.png,1
data\BUS-CoT\008528.png,1
data\BUS-CoT\008529.png,1
data\BUS-CoT\008530.png,1
data\BUS-CoT\008531.png,1
data\BUS-CoT\008536.png,2
data\BUS-CoT\008537.png,2
data\BUS-CoT\008539.png,2
data\BUS-CoT\008542.png,2
data\BUS-CoT\008545.png,2
data\BUS-CoT\008546.png,2
data\BUS-CoT\008547.png,2
data\BUS-CoT\008549.png,2
data\BUS-CoT\008550.png,2
data\BUS-CoT\008551.png,2
data\BUS-CoT\008552.png,2
data\BUS-CoT\008553.png,2
data\BUS-CoT\008554.png,2
data\BUS-CoT\008555.png,2
data\BUS-CoT\008556.png,2
data\BUS-CoT\008557.png,2
data\BUS-CoT\008559.png,2
data\BUS-CoT\008560.png,2
data\BUS-CoT\008561.png,2
data\BUS-CoT\008563.png,2
data\BUS-CoT\008565.png,2
data\BUS-CoT\008566.png,2
data\BUS-CoT\008567.png,2
data\BUS-CoT\008568.png,2
data\BUS-CoT\008569.png,2
data\BUS-CoT\008570.png,2
data\BUS-CoT\008572.png,2
data\BUS-CoT\008573.png,2
data\BUS-CoT\008574.png,2
data\BUS-CoT\008575.png,2
data\BUS-CoT\008576.png,2
data\BUS-CoT\008577.png,2
data\BUS-CoT\008578.png,2
data\BUS-CoT\008579.png,2
data\BUS-CoT\008580.png,2
data\BUS-CoT\008581.png,2
data\BUS-CoT\008582.png,2
data\BUS-CoT\008584.png,2
data\BUS-CoT\008585.png,2
data\BUS-CoT\008586.png,1
data\BUS-CoT\008587.png,1
data\BUS-CoT\008588.png,2
data\BUS-CoT\008589.png,1
data\BUS-CoT\008590.png,1
data\BUS-CoT\008592.png,1
data\BUS-CoT\008593.png,1
data\BUS-CoT\008594.png,1
data\BUS-CoT\008596.png,1
data\BUS-CoT\008597.png,1
data\BUS-CoT\008599.png,1
data\BUS-CoT\008605.png,1
data\BUS-CoT\008606.png,1
data\BUS-CoT\008607.png,1
data\BUS-CoT\008608.png,1
data\BUS-CoT\008609.png,1
data\BUS-CoT\008610.png,1
data\BUS-CoT\008613.png,1
data\BUS-CoT\008614.png,1
data\BUS-CoT\008615.png,1
data\BUS-CoT\008616.png,1
data\BUS-CoT\008617.png,1
data\BUS-CoT\008619.png,1
data\BUS-CoT\008620.png,1
data\BUS-CoT\008622.png,1
data\BUS-CoT\008623.png,1
data\BUS-CoT\008624.png,1
data\BUS-CoT\008626.png,1
data\BUS-CoT\008630.png,1
data\BUS-CoT\008631.png,1
data\BUS-CoT\008632.png,1
data\BUS-CoT\008633.png,1
data\BUS-CoT\008634.png,1
data\BUS-CoT\008635.png,1
data\BUS-CoT\008636.png,1
data\BUS-CoT\008637.png,1
data\BUS-CoT\008638.png,1
data\BUS-CoT\008639.png,1
data\BUS-CoT\008641.png,1
data\BUS-CoT\008642.png,1
data\BUS-CoT\008643.png,1
data\BUS-CoT\008644.png,1
data\BUS-CoT\008646.png,1
data\BUS-CoT\008647.png,1
data\BUS-CoT\008648.png,1
data\BUS-CoT\008649.png,1
data\BUS-CoT\008650.png,1
data\BUS-CoT\008651.png,1
data\BUS-CoT\008652.png,1
data\BUS-CoT\008653.png,1
data\BUS-CoT\008654.png,1
data\BUS-CoT\008655.png,1
data\BUS-CoT\008656.png,1
data\BUS-CoT\008657.png,1
data\BUS-CoT\008658.png,1
data\BUS-CoT\008659.png,1
data\BUS-CoT\008661.png,1
data\BUS-CoT\008662.png,1
data\BUS-CoT\008663.png,1
data\BUS-CoT\008665.png,1
data\BUS-CoT\008666.png,1
data\BUS-CoT\008670.png,1
data\BUS-CoT\008672.png,1
data\BUS-CoT\008673.png,1
data\BUS-CoT\008674.png,1
data\BUS-CoT\008676.png,1
data\BUS-CoT\008677.png,1
data\BUS-CoT\008678.png,1
data\BUS-CoT\008679.png,1
data\BUS-CoT\008680.png,1
data\BUS-CoT\008681.png,1
data\BUS-CoT\008682.png,2
data\BUS-CoT\008683.png,2
data\BUS-CoT\008684.png,2
data\BUS-CoT\008685.png,2
data\BUS-CoT\008686.png,1
data\BUS-CoT\008687.png,2
data\BUS-CoT\008688.png,2
data\BUS-CoT\008689.png,2
data\BUS-CoT\008691.png,2
data\BUS-CoT\008693.png,2
data\BUS-CoT\008694.png,2
data\BUS-CoT\008695.png,2
data\BUS-CoT\008696.png,2
data\BUS-CoT\008697.png,2
data\BUS-CoT\008698.png,2
data\BUS-CoT\008699.png,2
data\BUS-CoT\008700.png,2
data\BUS-CoT\008701.png,2
data\BUS-CoT\008702.png,2
data\BUS-CoT\008703.png,2
data\BUS-CoT\008704.png,2
data\BUS-CoT\008705.png,2
data\BUS-CoT\008706.png,2
data\BUS-CoT\008707.png,2
data\BUS-CoT\008708.png,2
data\BUS-CoT\008709.png,2
data\BUS-CoT\008710.png,2
data\BUS-CoT\008711.png,2
data\BUS-CoT\008712.png,2
data\BUS-CoT\008713.png,2
data\BUS-CoT\008714.png,2
data\BUS-CoT\008716.png,2
data\BUS-CoT\008717.png,2
data\BUS-CoT\008719.png,2
data\BUS-CoT\008720.png,2
data\BUS-CoT\008721.png,2
data\BUS-CoT\008722.png,2
data\BUS-CoT\008723.png,2
data\BUS-CoT\008724.png,2
data\BUS-CoT\008726.png,2
data\BUS-CoT\008730.png,2
data\BUS-CoT\008731.png,2
data\BUS-CoT\008732.png,2
data\BUS-CoT\008733.png,2
data\BUS-CoT\008735.png,2
data\BUS-CoT\008736.png,2
data\BUS-CoT\008737.png,2
data\BUS-CoT\008738.png,2
data\BUS-CoT\008739.png,2
data\BUS-CoT\008740.png,2
data\BUS-CoT\008741.png,2
data\BUS-CoT\008743.png,2
data\BUS-CoT\008744.png,2
data\BUS-CoT\008745.png,2
data\BUS-CoT\008746.png,2
data\BUS-CoT\008747.png,2
data\BUS-CoT\008748.png,2
data\BUS-CoT\008749.png,2
data\BUS-CoT\008750.png,2
data\BUS-CoT\008751.png,2
data\BUS-CoT\008752.png,2
data\BUS-CoT\008753.png,2
data\BUS-CoT\008754.png,2
data\BUS-CoT\008757.png,2
data\BUS-CoT\008758.png,2
data\BUS-CoT\008759.png,2
data\BUS-CoT\008760.png,2
data\BUS-CoT\008761.png,2
data\BUS-CoT\008762.png,2
data\BUS-CoT\008763.png,2
data\BUS-CoT\008765.png,2
data\BUS-CoT\008766.png,2
data\BUS-CoT\008767.png,2
data\BUS-CoT\008768.png,2
data\BUS-CoT\008784.png,2
data\BUS-CoT\008785.png,2
data\BUS-CoT\008786.png,2
data\BUS-CoT\008787.png,2
data\BUS-CoT\008788.png,2
data\BUS-CoT\008789.png,2
data\BUS-CoT\008790.png,2
data\BUS-CoT\008791.png,2
data\BUS-CoT\008792.png,2
data\BUS-CoT\008793.png,1
data\BUS-CoT\008796.png,1
data\BUS-CoT\008797.png,1
data\BUS-CoT\008798.png,1
data\BUS-CoT\008800.png,1
data\BUS-CoT\008802.png,1
data\BUS-CoT\008807.png,1
data\BUS-CoT\008808.png,1
data\BUS-CoT\008810.png,1
data\BUS-CoT\008811.png,1
data\BUS-CoT\008812.png,1
data\BUS-CoT\008814.png,1
data\BUS-CoT\008815.png,1
data\BUS-CoT\008816.png,1
data\BUS-CoT\008817.png,1
data\BUS-CoT\008818.png,1
data\BUS-CoT\008819.png,1
data\BUS-CoT\008820.png,1
data\BUS-CoT\008828.png,1
data\BUS-CoT\008831.png,1
data\BUS-CoT\008832.png,1
data\BUS-CoT\008833.png,1
data\BUS-CoT\008834.png,1
data\BUS-CoT\008835.png,1
data\BUS-CoT\008836.png,1
data\BUS-CoT\008837.png,1
data\BUS-CoT\008838.png,1
data\BUS-CoT\008839.png,1
data\BUS-CoT\008840.png,1
data\BUS-CoT\008841.png,1
data\BUS-CoT\008843.png,1
data\BUS-CoT\008844.png,1
data\BUS-CoT\008845.png,1
data\BUS-CoT\008846.png,1
data\BUS-CoT\008849.png,1
data\BUS-CoT\008850.png,1
data\BUS-CoT\008851.png,1
data\BUS-CoT\008872.png,1
data\BUS-CoT\008878.png,1
data\BUS-CoT\008885.png,1
data\BUS-CoT\008896.png,1
data\BUS-CoT\008907.png,1
data\BUS-CoT\008908.png,1
data\BUS-CoT\008913.png,1
data\BUS-CoT\008914.png,1
data\BUS-CoT\008915.png,1
data\BUS-CoT\008916.png,1
data\BUS-CoT\008922.png,1
data\BUS-CoT\008931.png,1
data\BUS-CoT\008935.png,1
data\BUS-CoT\008942.png,1
data\BUS-CoT\008950.png,1
data\BUS-CoT\008954.png,1
data\BUS-CoT\009136.png,2
data\BUS-CoT\009141.png,2
data\BUS-CoT\009143.png,2
data\BUS-CoT\009144.png,2
data\BUS-CoT\009145.png,2
data\BUS-CoT\009147.png,2
data\BUS-CoT\009148.png,2
data\BUS-CoT\009149.png,2
data\BUS-CoT\009150.png,2
data\BUS-CoT\009151.png,2
data\BUS-CoT\009152.png,2
data\BUS-CoT\009153.png,2
data\BUS-CoT\009155.png,2
data\BUS-CoT\009158.png,2
data\BUS-CoT\009159.png,2
data\BUS-CoT\009161.png,2
data\BUS-CoT\009163.png,2
data\BUS-CoT\009165.png,2
data\BUS-CoT\009166.png,2
data\BUS-CoT\009167.png,2
data\BUS-CoT\009168.png,2
data\BUS-CoT\009169.png,2
data\BUS-CoT\009170.png,2
data\BUS-CoT\009171.png,2
data\BUS-CoT\009172.png,2
data\BUS-CoT\009174.png,2
data\BUS-CoT\009175.png,2
data\BUS-CoT\009176.png,2
data\BUS-CoT\009177.png,2
data\BUS-CoT\009178.png,2
data\BUS-CoT\009179.png,2
data\BUS-CoT\009180.png,2
data\BUS-CoT\009181.png,2
data\BUS-CoT\009182.png,2
data\BUS-CoT\009184.png,2
data\BUS-CoT\009186.png,2
data\BUS-CoT\009187.png,2
data\BUS-CoT\009189.png,2
data\BUS-CoT\009190.png,2
data\BUS-CoT\009191.png,2
data\BUS-CoT\009192.png,2
data\BUS-CoT\009193.png,2
data\BUS-CoT\009195.png,2
data\BUS-CoT\009196.png,2
data\BUS-CoT\009197.png,2
data\BUS-CoT\009199.png,2
data\BUS-CoT\009200.png,2
data\BUS-CoT\009201.png,2
data\BUS-CoT\009207.png,2
data\BUS-CoT\009208.png,2
data\BUS-CoT\009209.png,2
data\BUS-CoT\009210.png,2
data\BUS-CoT\009211.png,2
data\BUS-CoT\009212.png,2
data\BUS-CoT\009213.png,2
data\BUS-CoT\009218.png,2
data\BUS-CoT\009219.png,2
data\BUS-CoT\009221.png,2
data\BUS-CoT\009222.png,2
data\BUS-CoT\009223.png,2
data\BUS-CoT\009224.png,2
data\BUS-CoT\009225.png,2
data\BUS-CoT\009227.png,2
data\BUS-CoT\009230.png,2
data\BUS-CoT\009236.png,2
data\BUS-CoT\009237.png,2
data\BUS-CoT\009238.png,2
data\BUS-CoT\009240.png,2
data\BUS-CoT\009241.png,2
data\BUS-CoT\009242.png,2
data\BUS-CoT\009243.png,2
data\BUS-CoT\009249.png,2
data\BUS-CoT\009250.png,2
data\BUS-CoT\009252.png,2
data\BUS-CoT\009255.png,2
data\BUS-CoT\009257.png,2
data\BUS-CoT\009264.png,2
data\BUS-CoT\009265.png,2
data\BUS-CoT\009266.png,2
data\BUS-CoT\009267.png,2
data\BUS-CoT\009268.png,2
data\BUS-CoT\009269.png,2
data\BUS-CoT\009270.png,2
data\BUS-CoT\009271.png,2
data\BUS-CoT\009272.png,2
data\BUS-CoT\009404.png,2
data\BUS-CoT\009405.png,2
data\BUS-CoT\009406.png,2
data\BUS-CoT\009407.png,2
data\BUS-CoT\009408.png,2
data\BUS-CoT\009410.png,2
data\BUS-CoT\009412.png,2
data\BUS-CoT\009413.png,2
data\BUS-CoT\009414.png,2
data\BUS-CoT\009415.png,2
data\BUS-CoT\009416.png,2
data\BUS-CoT\009417.png,2
data\BUS-CoT\009418.png,2
data\BUS-CoT\009419.png,2
data\BUS-CoT\009420.png,2
data\BUS-CoT\009422.png,2
data\BUS-CoT\009423.png,2
data\BUS-CoT\009424.png,2
data\BUS-CoT\009425.png,2
data\BUS-CoT\009426.png,2
data\BUS-CoT\009427.png,2
data\BUS-CoT\009429.png,2
data\BUS-CoT\009430.png,2
data\BUS-CoT\009431.png,2
data\BUS-CoT\009433.png,2
data\BUS-CoT\009434.png,2
data\BUS-CoT\009435.png,2
data\BUS-CoT\009436.png,2
data\BUS-CoT\009437.png,2
data\BUS-CoT\009440.png,2
data\BUS-CoT\009441.png,2
data\BUS-CoT\009442.png,2
data\BUS-CoT\009443.png,2
data\BUS-CoT\009444.png,2
data\BUS-CoT\009445.png,2
data\BUS-CoT\009446.png,2
data\BUS-CoT\009447.png,2
data\BUS-CoT\009450.png,2
data\BUS-CoT\009451.png,2
data\BUS-CoT\009452.png,2
